date,Revenue,Other_Expenses,Salaries,Total_Expenses,Profit,Profit_Margin,7d_profit,Anomaly,Expense_Ratio,Health_Score,Health_Status
01-01-2022,802,0,0,0,802,1,,FALSE,0,1,Healthy
02-01-2022,970,0,0,0,970,1,,FALSE,0,1,Healthy
03-01-2022,888,0,0,0,888,1,,FALSE,0,1,Healthy
04-01-2022,821,430,0,430,391,0.476248477,,FALSE,0.523751523,0.476248477,Moderate
05-01-2022,787,0,0,0,787,1,,FALSE,0,1,Healthy
06-01-2022,1059,0,0,0,1059,1,,FALSE,0,1,Healthy
07-01-2022,849,443,0,443,406,0.478209658,757.5714286,FALSE,0.521790342,0.478209658,Moderate
08-01-2022,1113,0,0,0,1113,1,802,FALSE,0,1,Healthy
09-01-2022,891,0,0,0,891,1,790.7142857,FALSE,0,1,Healthy
10-01-2022,860,0,0,0,860,1,786.7142857,FALSE,0,1,Healthy
11-01-2022,721,444,0,444,277,0.384188627,770.4285714,FALSE,0.615811373,0.384188627,Moderate
12-01-2022,1174,0,0,0,1174,1,825.7142857,FALSE,0,1,Healthy
13-01-2022,869,287,0,287,582,0.669735328,757.5714286,FALSE,0.330264672,0.669735328,Healthy
14-01-2022,1063,0,0,0,1063,1,851.4285714,FALSE,0,1,Healthy
15-01-2022,1019,0,0,0,1019,1,838,FALSE,0,1,Healthy
16-01-2022,1184,0,0,0,1184,1,879.8571429,FALSE,0,1,Healthy
17-01-2022,720,0,0,0,720,1,859.8571429,FALSE,0,1,Healthy
18-01-2022,973,0,0,0,973,1,959.2857143,FALSE,0,1,Healthy
19-01-2022,1015,0,0,0,1015,1,936.5714286,FALSE,0,1,Healthy
20-01-2022,964,485,0,485,479,0.496887967,921.8571429,FALSE,0.503112033,0.496887967,Moderate
21-01-2022,791,0,0,0,791,1,883,FALSE,0,1,Healthy
22-01-2022,1154,0,0,0,1154,1,902.2857143,FALSE,0,1,Healthy
23-01-2022,963,305,0,305,658,0.683281412,827.1428571,FALSE,0.316718588,0.683281412,Healthy
24-01-2022,1119,487,0,487,632,0.564789991,814.5714286,FALSE,0.435210009,0.564789991,Moderate
25-01-2022,1089,0,0,0,1089,1,831.1428571,FALSE,0,1,Healthy
26-01-2022,959,290,0,290,669,0.697601668,781.7142857,FALSE,0.302398332,0.697601668,Healthy
27-01-2022,917,0,0,0,917,1,844.2857143,FALSE,0,1,Healthy
28-01-2022,901,0,0,0,901,1,860,FALSE,0,1,Healthy
29-01-2022,969,0,0,0,969,1,833.5714286,FALSE,0,1,Healthy
30-01-2022,970,314,0,314,656,0.67628866,833.2857143,FALSE,0.32371134,0.67628866,Healthy
31-01-2022,889,0,0,0,889,1,870,FALSE,0,1,Healthy
01-02-2022,907,0,0,0,907,1,844,FALSE,0,1,Healthy
02-02-2022,1066,0,0,0,1066,1,900.7142857,FALSE,0,1,Healthy
03-02-2022,1109,0,0,0,1109,1,928.1428571,FALSE,0,1,Healthy
04-02-2022,887,0,0,0,887,1,926.1428571,FALSE,0,1,Healthy
05-02-2022,740,0,0,0,740,1,893.4285714,FALSE,0,1,Healthy
06-02-2022,1000,426,0,426,574,0.574,881.7142857,FALSE,0.426,0.574,Moderate
07-02-2022,1043,0,0,0,1043,1,903.7142857,FALSE,0,1,Healthy
08-02-2022,835,238,0,238,597,0.71497006,859.4285714,FALSE,0.28502994,0.71497006,Healthy
09-02-2022,780,0,0,0,780,1,818.5714286,FALSE,0,1,Healthy
10-02-2022,1118,0,0,0,1118,1,819.8571429,FALSE,0,1,Healthy
11-02-2022,960,0,0,0,960,1,830.2857143,FALSE,0,1,Healthy
12-02-2022,740,0,0,0,740,1,830.2857143,FALSE,0,1,Healthy
13-02-2022,900,0,0,0,900,1,876.8571429,FALSE,0,1,Healthy
14-02-2022,1117,161,0,161,956,0.855863921,864.4285714,FALSE,0.144136079,0.855863921,Healthy
15-02-2022,798,0,0.008644444,0.008644444,797.9913556,0.999989167,893.1416222,FALSE,1.08E-05,0.999989167,Healthy
16-02-2022,913,0,0.034577778,0.034577778,912.9654222,0.999962127,912.1366825,FALSE,3.79E-05,0.999962127,Healthy
17-02-2022,1148,0,0.086444444,0.086444444,1147.913556,0.9999247,916.4100476,FALSE,7.53E-05,0.9999247,Healthy
18-02-2022,1130,0,0.172888889,0.172888889,1129.827111,0.999847001,940.6710635,FALSE,0.000152999,0.999847001,Healthy
19-02-2022,956,0,0.302555556,0.302555556,955.6974444,0.999683519,971.4849841,FALSE,0.000316481,0.999683519,Healthy
20-02-2022,954,0,0.484088889,0.484088889,953.5159111,0.999492569,979.1301143,FALSE,0.000507431,0.999492569,Healthy
21-02-2022,982,0,0.726133333,0.726133333,981.2738667,0.999260557,982.7406667,FALSE,0.000739443,0.999260557,Healthy
22-02-2022,714,479,1.037333333,480.0373333,233.9626667,0.327678805,902.1651397,FALSE,0.672321195,0.327678805,Moderate
23-02-2022,878,330,1.426333333,331.4263333,546.5736667,0.62252126,849.8234603,FALSE,0.37747874,0.62252126,Healthy
24-02-2022,751,0,1.901777778,1.901777778,749.0982222,0.997467673,792.8498413,FALSE,0.002532327,0.997467673,Healthy
25-02-2022,1087,0,2.472311111,2.472311111,1084.527689,0.997725565,786.3784952,FALSE,0.002274435,0.997725565,Healthy
26-02-2022,1106,0,3.146577778,3.146577778,1102.853422,0.997154993,807.4007778,FALSE,0.002845007,0.997154993,Healthy
27-02-2022,842,0,3.933222222,3.933222222,838.0667778,0.995328715,790.9080444,FALSE,0.004671285,0.995328715,Healthy
28-02-2022,735,0,4.840888889,4.840888889,730.1591111,0.993413757,755.0345079,FALSE,0.006586243,0.993413757,Healthy
01-03-2022,726,0,5.878222222,5.878222222,720.1217778,0.991903275,824.4858095,FALSE,0.008096725,0.991903275,Healthy
02-03-2022,485,0,7.053866667,7.053866667,477.9461333,0.985455945,814.6818762,FALSE,0.014544055,0.985455945,Healthy
03-03-2022,569,0,8.376466667,8.376466667,560.6235333,0.985278617,787.7569206,FALSE,0.014721383,0.985278617,Healthy
04-03-2022,533,0,9.854666667,9.854666667,523.1453333,0.981510944,707.5594413,FALSE,0.018489056,0.981510944,Healthy
05-03-2022,507,385,11.49711111,396.4971111,110.5028889,0.217954416,565.7950794,FALSE,0.782045584,0.217954416,At Risk
06-03-2022,527,0,13.31244444,13.31244444,513.6875556,0.974739195,519.4551905,FALSE,0.025260805,0.974739195,Healthy
07-03-2022,747,0,15.30931111,15.30931111,731.6906889,0.979505608,519.6739873,FALSE,0.020494392,0.979505608,Healthy
08-03-2022,589,476,17.49635556,493.4963556,95.50364444,0.162145407,430.4428254,FALSE,0.837854593,0.162145407,At Risk
09-03-2022,520,0,19.88222222,19.88222222,500.1177778,0.961764957,433.6102032,FALSE,0.038235043,0.961764957,Healthy
10-03-2022,632,0,22.47555556,22.47555556,609.5244444,0.964437412,440.5960476,FALSE,0.035562588,0.964437412,Healthy
11-03-2022,597,0,25.285,25.285,571.715,0.957646566,447.5345714,FALSE,0.042353434,0.957646566,Healthy
12-03-2022,536,0,28.3192,28.3192,507.6808,0.947165672,504.274273,FALSE,0.052834328,0.947165672,Healthy
13-03-2022,624,271,31.5868,302.5868,321.4132,0.515085256,476.8065079,FALSE,0.484914744,0.515085256,Moderate
14-03-2022,773,0,35.09644444,35.09644444,737.9035556,0.954597096,477.6940603,FALSE,0.045402904,0.954597096,Healthy
15-03-2022,632,0,38.86549753,38.86549753,593.1345025,0.93850396,548.7841829,FALSE,0.06149604,0.93850396,Healthy
16-03-2022,717,0,42.91132346,42.91132346,674.0886765,0.940151571,573.6371684,FALSE,0.059848429,0.940151571,Healthy
17-03-2022,451,0,47.21670864,47.21670864,403.7832914,0.895306633,544.2455751,FALSE,0.104693367,0.895306633,Healthy
18-03-2022,694,0,51.76443951,51.76443951,642.2355605,0.92541147,554.3199409,FALSE,0.07458853,0.92541147,Healthy
19-03-2022,512,180,56.53730247,236.5373025,275.4626975,0.538013081,521.1459263,FALSE,0.461986919,0.538013081,Moderate
20-03-2022,512,0,61.51808395,61.51808395,450.481916,0.879847492,539.5843143,FALSE,0.120152508,0.879847492,Healthy
21-03-2022,619,323,66.68957037,389.6895704,229.3104296,0.370453037,466.9281534,FALSE,0.629546963,0.370453037,Moderate
22-03-2022,784,0,72.03454815,72.03454815,711.9654519,0.908119199,483.9040034,FALSE,0.091880801,0.908119199,Healthy
23-03-2022,529,0,77.5358037,77.5358037,451.4641963,0.853429483,452.1005062,FALSE,0.146570517,0.853429483,Healthy
24-03-2022,617,0,83.17612346,83.17612346,533.8238765,0.865192669,470.6777326,FALSE,0.134807331,0.865192669,Healthy
25-03-2022,646,0,88.93829383,88.93829383,557.0617062,0.862324623,458.5100392,FALSE,0.137675377,0.862324623,Healthy
26-03-2022,602,0,94.80510123,94.80510123,507.1948988,0.842516443,491.6146393,FALSE,0.157483557,0.842516443,Healthy
27-03-2022,654,0,100.7593321,100.7593321,553.2406679,0.845933743,506.294461,FALSE,0.154066257,0.845933743,Healthy
28-03-2022,724,0,106.7837728,106.7837728,617.2162272,0.852508601,561.709575,FALSE,0.147491399,0.852508601,Healthy
29-03-2022,597,0,112.8612099,112.8612099,484.1387901,0.810952747,529.162909,FALSE,0.189047253,0.810952747,Healthy
30-03-2022,639,0,118.9744296,118.9744296,520.0255704,0.813811534,538.957391,FALSE,0.186188466,0.813811534,Healthy
31-03-2022,600,0,125.1062185,125.1062185,474.8937815,0.791489636,530.538806,FALSE,0.208510364,0.791489636,Healthy
01-04-2022,725,0,131.239363,131.239363,593.760637,0.818980189,535.7815104,FALSE,0.181019811,0.818980189,Healthy
02-04-2022,658,0,137.3566494,137.3566494,520.6433506,0.791251293,537.7027178,FALSE,0.208748707,0.791251293,Healthy
03-04-2022,745,0,143.4408642,143.4408642,601.5591358,0.807461927,544.6053561,FALSE,0.192538073,0.807461927,Healthy
04-04-2022,546,0,149.4747938,149.4747938,396.5252062,0.726236641,513.0780674,FALSE,0.273763359,0.726236641,Healthy
05-04-2022,598,227,155.4412247,382.4412247,215.5587753,0.360466179,474.7094938,FALSE,0.639533821,0.360466179,Moderate
06-04-2022,759,250,161.3229432,411.3229432,347.6770568,0.458072539,450.0882776,FALSE,0.541927461,0.458072539,Moderate
07-04-2022,498,0,167.1027358,167.1027358,330.8972642,0.664452338,429.5173466,FALSE,0.335547662,0.664452338,Healthy
08-04-2022,543,0,172.7633889,172.7633889,370.2366111,0.68183538,397.5853429,FALSE,0.31816462,0.68183538,Healthy
09-04-2022,459,0,178.2876889,178.2876889,280.7123111,0.611573663,363.3094801,FALSE,0.388426337,0.611573663,Healthy
10-04-2022,784,239,183.6584222,422.6584222,361.3415778,0.46089487,328.9926861,FALSE,0.53910513,0.46089487,Moderate
11-04-2022,436,0,188.8583753,188.8583753,247.1416247,0.566838589,307.6521744,FALSE,0.433161411,0.566838589,Moderate
12-04-2022,408,0,193.8703346,193.8703346,214.1296654,0.524827611,307.4480159,FALSE,0.475172389,0.524827611,Moderate
13-04-2022,546,0,198.6770864,198.6770864,347.3229136,0.636122552,307.397424,FALSE,0.363877448,0.636122552,Healthy
14-04-2022,530,0,203.2265383,203.2265383,326.7734617,0.616553701,306.8083093,FALSE,0.383446299,0.616553701,Healthy
15-04-2022,453,0,207.4750259,207.4750259,245.5249741,0.541997735,288.9923612,FALSE,0.458002265,0.541997735,Moderate
16-04-2022,515,203,211.4307519,414.4307519,100.5692481,0.195280093,263.2576379,FALSE,0.804719907,0.195280093,At Risk
17-04-2022,653,198,215.1019185,413.1019185,239.8980815,0.367378379,245.908567,FALSE,0.632621621,0.367378379,Moderate
18-04-2022,748,0,218.4967284,218.4967284,529.5032716,0.707892074,286.2459451,FALSE,0.292107926,0.707892074,Healthy
19-04-2022,765,0,221.623384,221.623384,543.376616,0.71029623,333.2812238,FALSE,0.28970377,0.71029623,Healthy
20-04-2022,709,0,224.4900877,224.4900877,484.5099123,0.683370821,352.8793665,FALSE,0.316629179,0.683370821,Healthy
21-04-2022,568,167,227.105042,394.105042,173.894958,0.306153095,331.0395802,FALSE,0.693846905,0.306153095,Moderate
22-04-2022,797,0,229.4764494,229.4764494,567.5235506,0.712074718,377.0393769,FALSE,0.287925282,0.712074718,Healthy
23-04-2022,783,0,231.6125123,231.6125123,551.3874877,0.704198579,441.4419825,FALSE,0.295801421,0.704198579,Healthy
24-04-2022,594,0,233.5214333,233.5214333,360.4785667,0.606866274,458.6677661,FALSE,0.393133726,0.606866274,Healthy
25-04-2022,432,0,235.2114148,235.2114148,196.7885852,0.455529132,411.1370966,FALSE,0.544470868,0.455529132,Moderate
26-04-2022,770,0,236.6906593,236.6906593,533.3093407,0.692609533,409.6989145,FALSE,0.307390467,0.692609533,Healthy
27-04-2022,421,0,237.9673691,237.9673691,183.0326309,0.434756843,366.6307314,FALSE,0.565243157,0.434756843,Moderate
28-04-2022,437,0,239.0497469,239.0497469,197.9502531,0.452975408,370.0672021,FALSE,0.547024592,0.452975408,Moderate
29-04-2022,450,0,239.9459951,239.9459951,210.0540049,0.466786678,319.0001242,FALSE,0.533213322,0.466786678,Moderate
30-04-2022,682,0,240.664316,240.664316,441.335684,0.647119771,303.2784379,FALSE,0.352880229,0.647119771,Healthy
01-05-2022,676,0,241.2129123,241.2129123,434.7870877,0.643176165,313.8939409,FALSE,0.356823835,0.643176165,Healthy
02-05-2022,683,0,241.5999864,241.5999864,441.4000136,0.646266491,348.8384307,FALSE,0.353733509,0.646266491,Healthy
03-05-2022,716,0,241.8337407,241.8337407,474.1662593,0.662243379,340.389419,FALSE,0.337756621,0.662243379,Healthy
04-05-2022,403,148,241.9223778,389.9223778,13.07762222,0.032450675,316.1101321,TRUE,0.967549325,0.032450675,At Risk
05-05-2022,571,0,241.8741,241.8741,329.1259,0.576402627,334.8495102,FALSE,0.423597373,0.576402627,Moderate
06-05-2022,445,0,241.6971099,241.6971099,203.3028901,0.456860427,333.8850653,FALSE,0.543139573,0.456860427,Moderate
07-05-2022,498,0,241.3996099,241.3996099,256.6003901,0.515261828,307.494309,FALSE,0.484738172,0.515261828,Moderate
08-05-2022,436,0,240.9898025,240.9898025,195.0101975,0.447271095,273.2404675,FALSE,0.552728905,0.447271095,Moderate
09-05-2022,701,0,240.4758901,240.4758901,460.5241099,0.656953081,275.9724813,FALSE,0.343046919,0.656953081,Healthy
10-05-2022,498,0,239.8660753,239.8660753,258.1339247,0.518341214,245.1107192,FALSE,0.481658786,0.518341214,Moderate
11-05-2022,515,0,239.1685605,239.1685605,275.8314395,0.535595028,282.6469788,FALSE,0.464404972,0.535595028,Moderate
12-05-2022,560,0,238.3915481,238.3915481,321.6084519,0.574300807,281.5730577,FALSE,0.425699193,0.574300807,Moderate
13-05-2022,527,0,237.5432407,237.5432407,289.4567593,0.549253813,293.8807533,FALSE,0.450746187,0.549253813,Moderate
14-05-2022,622,0,236.6841593,236.6841593,385.3158407,0.619478844,312.2686748,FALSE,0.380521156,0.619478844,Healthy
15-05-2022,722,0,235.8498444,235.8498444,486.1501556,0.673338166,353.8600974,FALSE,0.326661834,0.673338166,Healthy
16-05-2022,679,0,235.0412593,235.0412593,443.9587407,0.653842033,351.493616,FALSE,0.346157967,0.653842033,Healthy
17-05-2022,741,0,234.2593667,234.2593667,506.7406333,0.683860504,387.0088601,FALSE,0.316139496,0.683860504,Healthy
18-05-2022,526,0,233.5051296,233.5051296,292.4948704,0.556073898,389.3893503,FALSE,0.443926102,0.556073898,Moderate
19-05-2022,785,0,232.7795111,232.7795111,552.2204889,0.703465591,422.333927,FALSE,0.296534409,0.703465591,Healthy
20-05-2022,503,0,232.0834741,232.0834741,270.9165259,0.538601443,419.6853222,FALSE,0.461398557,0.538601443,Moderate
21-05-2022,698,0,231.4179815,231.4179815,466.5820185,0.668455614,431.2947762,FALSE,0.331544386,0.668455614,Healthy
22-05-2022,438,0,230.7839963,230.7839963,207.2160037,0.473095899,391.4470402,FALSE,0.526904101,0.473095899,Moderate
23-05-2022,646,0,230.1824815,230.1824815,415.8175185,0.643680369,387.4268656,FALSE,0.356319631,0.643680369,Healthy
24-05-2022,705,0,229.6144,229.6144,475.3856,0.674305816,382.9475751,FALSE,0.325694184,0.674305816,Healthy
25-05-2022,412,490,229.0807148,719.0807148,-307.0807148,-0.745341541,297.2939201,TRUE,1.745341541,-0.745341541,At Risk
26-05-2022,435,0,228.5823889,228.5823889,206.4176111,0.474523244,247.893509,FALSE,0.525476756,0.474523244,Moderate
27-05-2022,720,499,228.1203852,727.1203852,-7.120385185,-0.009889424,208.1739503,TRUE,1.009889424,-0.009889424,At Risk
28-05-2022,770,0,227.6956667,227.6956667,542.3043333,0.704291342,218.9914238,FALSE,0.295708658,0.704291342,Healthy
29-05-2022,491,0,227.3091963,227.3091963,263.6908037,0.53704848,227.0592524,FALSE,0.46295152,0.53704848,Moderate
30-05-2022,687,0,226.961937,226.961937,460.038063,0.669633279,233.376473,FALSE,0.330366721,0.669633279,Healthy
31-05-2022,741,0,226.6548519,226.6548519,514.3451481,0.694123007,238.9421228,FALSE,0.305876993,0.694123007,Healthy
01-06-2022,585,0,226.3889037,226.3889037,358.6110963,0.613010421,334.0409529,FALSE,0.386989579,0.613010421,Healthy
02-06-2022,524,0,226.1650556,226.1650556,297.8349444,0.568387299,347.100572,FALSE,0.431612701,0.568387299,Moderate
03-06-2022,457,279,225.9842704,504.9842704,-47.98427037,-0.104998403,341.2628741,TRUE,1.104998403,-0.104998403,At Risk
04-06-2022,725,0,225.8475111,225.8475111,499.1524889,0.688486192,335.0983249,FALSE,0.311513808,0.688486192,Healthy
05-06-2022,500,0,225.7557407,225.7557407,274.2442593,0.548488519,336.6059614,FALSE,0.451511481,0.548488519,Moderate
06-06-2022,452,0,225.7099222,225.7099222,226.2900778,0.500641765,303.2133921,FALSE,0.499358235,0.500641765,Moderate
07-06-2022,507,0,225.7110185,225.7110185,281.2889815,0.554810614,269.919654,FALSE,0.445189386,0.554810614,Moderate
08-06-2022,595,0,225.7599926,225.7599926,369.2400074,0.620571441,271.4380698,FALSE,0.379428559,0.620571441,Healthy
09-06-2022,771,0,225.8578074,225.8578074,545.1421926,0.707058616,306.7676767,FALSE,0.292941384,0.707058616,Healthy
10-06-2022,754,0,226.0054259,226.0054259,527.9945741,0.700258056,389.0503688,FALSE,0.299741944,0.700258056,Healthy
11-06-2022,707,469,226.2038111,695.2038111,11.79618889,0.01668485,319.4280402,TRUE,0.98331515,0.01668485,At Risk
12-06-2022,505,0,226.4539259,226.4539259,278.5460741,0.551576384,320.0425852,FALSE,0.448423616,0.551576384,Moderate
13-06-2022,544,0,226.7218543,226.7218543,317.2781457,0.583231885,333.0408806,FALSE,0.416768115,0.583231885,Moderate
14-06-2022,674,0,226.9893173,226.9893173,447.0106827,0.663220598,356.7154093,FALSE,0.336779402,0.663220598,Healthy
15-06-2022,745,216,227.2553173,443.2553173,301.7446827,0.40502642,347.0732201,FALSE,0.59497358,0.40502642,Moderate
16-06-2022,795,0,227.5188568,227.5188568,567.4811432,0.713812759,350.2644988,FALSE,0.286187241,0.713812759,Healthy
17-06-2022,457,0,227.7789383,227.7789383,229.2210617,0.501577816,307.5825684,FALSE,0.498422184,0.501577816,Moderate
18-06-2022,638,0,228.0345642,228.0345642,409.9654358,0.642579053,364.4638894,FALSE,0.357420947,0.642579053,Healthy
19-06-2022,525,188,228.284737,416.284737,108.715263,0.207076691,340.202345,FALSE,0.792923309,0.207076691,At Risk
20-06-2022,772,0,228.5284593,228.5284593,543.4715407,0.70397868,372.5156871,FALSE,0.29602132,0.70397868,Healthy
21-06-2022,588,0,228.7647333,228.7647333,359.2352667,0.610944331,359.976342,FALSE,0.389055669,0.610944331,Healthy
22-06-2022,468,0,228.9925617,228.9925617,239.0074383,0.510699654,351.0138785,FALSE,0.489300346,0.510699654,Moderate
23-06-2022,646,253,229.2109469,482.2109469,163.7890531,0.253543426,293.3435799,FALSE,0.746456574,0.253543426,At Risk
24-06-2022,485,319,229.4188914,548.4188914,-63.41889136,-0.130760601,251.5378723,TRUE,1.130760601,-0.130760601,At Risk
25-06-2022,446,337,229.6153975,566.6153975,-120.6153975,-0.270438111,175.7406104,TRUE,1.270438111,-0.270438111,At Risk
26-06-2022,603,440,229.7994679,669.7994679,-66.7994679,-0.110778554,150.6670774,TRUE,1.110778554,-0.110778554,At Risk
27-06-2022,688,0,229.9701049,229.9701049,458.0298951,0.665741127,138.461128,FALSE,0.334258873,0.665741127,Healthy
28-06-2022,756,0,230.1263111,230.1263111,525.8736889,0.695600118,162.2666169,FALSE,0.304399882,0.695600118,Healthy
29-06-2022,409,0,230.2670889,230.2670889,178.7329111,0.436999783,153.6559702,FALSE,0.563000217,0.436999783,Moderate
30-06-2022,499,322,230.3914407,552.3914407,-53.39144074,-0.106996875,122.6301854,TRUE,1.106996875,-0.106996875,At Risk
01-07-2022,749,0,230.4983691,230.4983691,518.5016309,0.692258519,205.7616885,FALSE,0.307741481,0.692258519,Healthy
02-07-2022,595,0,230.5868765,230.5868765,364.4131235,0.612459031,275.0514772,FALSE,0.387540969,0.612459031,Healthy
03-07-2022,824,0,230.6559654,230.6559654,593.3440346,0.720077712,369.3576919,FALSE,0.279922288,0.720077712,Healthy
04-07-2022,515,346,230.7046383,576.7046383,-61.70463827,-0.119814832,295.1099014,TRUE,1.119814832,-0.119814832,At Risk
05-07-2022,996,0,230.7318975,230.7318975,765.2681025,0.768341468,329.3091034,FALSE,0.231658532,0.768341468,Healthy
06-07-2022,659,0,230.7367457,230.7367457,428.2632543,0.649868368,364.9562952,FALSE,0.350131632,0.649868368,Healthy
07-07-2022,651,0,230.7181852,230.7181852,420.2818148,0.645594186,432.6239032,FALSE,0.354405814,0.645594186,Healthy
08-07-2022,662,0,230.6752185,230.6752185,431.3247815,0.651548008,420.1700675,FALSE,0.348451992,0.651548008,Healthy
09-07-2022,916,0,230.6068481,230.6068481,685.3931519,0.748245799,466.0243573,FALSE,0.251754201,0.748245799,Healthy
10-07-2022,926,0,230.5120765,230.5120765,695.4879235,0.751066872,480.6163414,FALSE,0.248933128,0.751066872,Healthy
11-07-2022,822,0,230.3899062,230.3899062,591.6100938,0.719720309,573.9470175,FALSE,0.280279691,0.719720309,Healthy
12-07-2022,667,0,230.2393395,230.2393395,436.7606605,0.654813584,527.0173829,FALSE,0.345186416,0.654813584,Healthy
13-07-2022,543,0,230.0680988,230.0680988,312.9319012,0.576301844,510.5414753,FALSE,0.423698156,0.576301844,Moderate
14-07-2022,511,485,229.9025926,714.9025926,-203.9025926,-0.3990266,421.3722743,TRUE,1.3990266,-0.3990266,At Risk
15-07-2022,998,0,229.7430704,229.7430704,768.2569296,0.769796523,469.5054383,FALSE,0.230203477,0.769796523,Healthy
16-07-2022,714,363,229.5897815,592.5897815,121.4102185,0.170042323,388.9364478,FALSE,0.829957677,0.170042323,At Risk
17-07-2022,909,0,229.4429753,229.4429753,679.5570247,0.747587486,386.6606051,FALSE,0.252412514,0.747587486,Healthy
18-07-2022,917,0,229.3029012,229.3029012,687.6970988,0.749942311,400.3873201,FALSE,0.250057689,0.749942311,Healthy
19-07-2022,890,213,229.1698086,442.1698086,447.8301914,0.50317999,401.9686817,FALSE,0.49682001,0.50317999,Moderate
20-07-2022,574,0,229.0439469,229.0439469,344.9560531,0.600968734,406.5435605,FALSE,0.399031266,0.600968734,Healthy
21-07-2022,919,0,228.9255654,228.9255654,690.0744346,0.7508971,534.2545644,FALSE,0.2491029,0.7508971,Healthy
22-07-2022,748,0,228.8149136,228.8149136,519.1850864,0.694097709,498.6728725,FALSE,0.305902291,0.694097709,Healthy
23-07-2022,856,0,228.7122407,228.7122407,627.2877593,0.732812803,570.9410926,FALSE,0.267187197,0.732812803,Healthy
24-07-2022,691,0,228.6177963,228.6177963,462.3822037,0.669149354,539.9161182,FALSE,0.330850646,0.669149354,Healthy
25-07-2022,598,0,228.5318296,228.5318296,369.4681704,0.61783975,494.4548427,FALSE,0.38216025,0.61783975,Healthy
26-07-2022,965,0,228.4545901,228.4545901,736.5454099,0.763259492,535.6998739,FALSE,0.236740508,0.763259492,Healthy
27-07-2022,595,0,228.3863272,228.3863272,366.6136728,0.616157433,538.7938196,FALSE,0.383842567,0.616157433,Healthy
28-07-2022,689,0,228.3272901,228.3272901,460.6727099,0.668610609,506.0221446,FALSE,0.331389391,0.668610609,Healthy
29-07-2022,767,0,228.2777284,228.2777284,538.7222716,0.702375843,508.8131711,FALSE,0.297624157,0.702375843,Healthy
30-07-2022,512,0,228.2378914,228.2378914,283.7621086,0.554222868,459.7380781,FALSE,0.445777132,0.554222868,Moderate
31-07-2022,854,372,228.2080284,600.2080284,253.7919716,0.297180295,429.9394735,FALSE,0.702819705,0.297180295,At Risk
01-08-2022,561,0,228.1883889,228.1883889,332.8116111,0.593247079,424.7028222,FALSE,0.406752921,0.593247079,Moderate
02-08-2022,716,0,228.1792222,228.1792222,487.8207778,0.681313935,389.1707319,FALSE,0.318686065,0.681313935,Healthy
03-08-2022,686,199,228.1807778,427.1807778,258.8192222,0.377287496,373.7715247,FALSE,0.622712504,0.377287496,Moderate
04-08-2022,944,0,228.1933049,228.1933049,715.8066951,0.758269804,410.2192369,FALSE,0.241730196,0.758269804,Healthy
05-08-2022,575,0,228.2170531,228.2170531,346.7829469,0.603100777,382.7993333,FALSE,0.396899223,0.603100777,Healthy
06-08-2022,783,0,228.2522716,228.2522716,554.7477284,0.708490075,421.5115647,FALSE,0.291509925,0.708490075,Healthy
07-08-2022,883,0,228.2992099,228.2992099,654.7007901,0.741450498,478.7842531,FALSE,0.258549502,0.741450498,Healthy
08-08-2022,866,168,228.3581173,396.3581173,469.6418827,0.542311643,498.3314347,FALSE,0.457688357,0.542311643,Moderate
09-08-2022,895,0,228.4292432,228.4292432,666.5707568,0.744771795,523.867146,FALSE,0.255228205,0.744771795,Healthy
10-08-2022,878,0,228.512837,228.512837,649.487163,0.73973481,579.6768519,FALSE,0.26026519,0.73973481,Healthy
11-08-2022,552,0,228.6091481,228.6091481,323.3908519,0.585852992,523.6174457,FALSE,0.414147008,0.585852992,Moderate
12-08-2022,556,280,228.7184259,508.7184259,47.28157407,0.085038802,480.8315353,FALSE,0.914961198,0.085038802,At Risk
13-08-2022,685,322,228.8144148,550.8144148,134.1855852,0.195891365,420.7512291,FALSE,0.804108635,0.195891365,At Risk
14-08-2022,632,0,228.8891259,228.8891259,403.1108741,0.637833662,384.8098125,FALSE,0.362166338,0.637833662,Healthy
15-08-2022,720,0,228.9429926,228.9429926,491.0570074,0.682023621,387.869116,FALSE,0.317976379,0.682023621,Healthy
16-08-2022,645,0,228.9764481,228.9764481,416.0235519,0.644997755,352.0766582,FALSE,0.355002245,0.644997755,Healthy
17-08-2022,508,0,228.9899259,228.9899259,279.0100741,0.549232429,299.1513598,FALSE,0.450767571,0.549232429,Moderate
18-08-2022,991,0,228.9838593,228.9838593,762.0161407,0.76893657,361.8121153,FALSE,0.23106343,0.76893657,Healthy
19-08-2022,729,240,228.9586815,468.9586815,260.0413185,0.356709628,392.2063646,FALSE,0.643290372,0.356709628,Moderate
20-08-2022,892,0,228.9148259,228.9148259,663.0851741,0.743369029,467.7634487,FALSE,0.256630971,0.743369029,Healthy
21-08-2022,621,128,228.8527259,356.8527259,264.1472741,0.425357929,447.9115058,FALSE,0.574642071,0.425357929,Moderate
22-08-2022,921,0,228.7728148,228.7728148,692.2271852,0.751603893,476.6501026,FALSE,0.248396107,0.751603893,Healthy
23-08-2022,995,0,228.6755259,228.6755259,766.3244741,0.770175351,526.6930915,FALSE,0.229824649,0.770175351,Healthy
24-08-2022,841,0,228.5612926,228.5612926,612.4387074,0.728226763,574.3257534,FALSE,0.271773237,0.728226763,Healthy
25-08-2022,826,0,228.4305481,228.4305481,597.5694519,0.7234497,550.8333693,FALSE,0.2765503,0.7234497,Healthy
26-08-2022,631,0,228.2837259,228.2837259,402.7162741,0.638219135,571.2155058,FALSE,0.361780865,0.638219135,Healthy
27-08-2022,751,463,228.1212593,691.1212593,59.87874074,0.079732012,485.0431582,FALSE,0.920267988,0.079732012,At Risk
28-08-2022,701,0,227.9435815,227.9435815,473.0564185,0.67483084,514.8873217,FALSE,0.32516916,0.67483084,Healthy
29-08-2022,538,0,227.7511259,227.7511259,310.2488741,0.57667077,460.3189915,FALSE,0.42332923,0.57667077,Moderate
30-08-2022,672,319,227.5443259,546.5443259,125.4556741,0.186689991,368.7663058,FALSE,0.813310009,0.186689991,At Risk
31-08-2022,647,416,227.3236148,643.3236148,3.676385185,0.005682203,281.8002598,TRUE,0.994317797,0.005682203,At Risk
01-09-2022,1122,0,227.0894259,227.0894259,894.9105741,0.797603007,324.277563,FALSE,0.202396993,0.797603007,Healthy
02-09-2022,1160,0,226.8421926,226.8421926,933.1578074,0.804446386,400.0549249,FALSE,0.195553614,0.804446386,Healthy
03-09-2022,890,0,226.5823481,226.5823481,663.4176519,0.745413092,486.2747693,FALSE,0.254586908,0.745413092,Healthy
04-09-2022,1108,0,226.3103259,226.3103259,881.6896741,0.795748803,544.6509487,FALSE,0.204251197,0.795748803,Healthy
05-09-2022,1121,0,226.0265593,226.0265593,894.9734407,0.798370598,628.1830296,FALSE,0.201629402,0.798370598,Healthy
06-09-2022,757,259,225.7314815,484.7314815,272.2685185,0.359667792,649.1562931,FALSE,0.640332208,0.359667792,Moderate
07-09-2022,1016,0,225.4255259,225.4255259,790.5744741,0.778124482,761.5703058,FALSE,0.221875518,0.778124482,Healthy
08-09-2022,779,0,225.1091259,225.1091259,553.8908741,0.71102808,712.8532058,FALSE,0.28897192,0.71102808,Healthy
09-09-2022,902,0,224.7827148,224.7827148,677.2172852,0.750795216,676.2902741,FALSE,0.249204784,0.750795216,Healthy
10-09-2022,863,0,224.4467259,224.4467259,638.5532741,0.739922681,672.7382201,FALSE,0.260077319,0.739922681,Healthy
11-09-2022,719,146,224.1015926,370.1015926,348.8984074,0.485255087,596.625182,FALSE,0.514744913,0.485255087,Moderate
12-09-2022,1004,0,223.7564815,223.7564815,780.2435185,0.777134979,580.2351931,FALSE,0.222865021,0.777134979,Healthy
13-09-2022,1114,0,223.4363444,223.4363444,890.5636556,0.799428775,668.5630698,FALSE,0.200571225,0.799428775,Healthy
14-09-2022,753,0,223.1324444,223.1324444,529.8675556,0.703675373,631.3192243,FALSE,0.296324627,0.703675373,Healthy
15-09-2022,843,0,222.8444765,222.8444765,620.1555235,0.735653053,640.7856028,FALSE,0.264346947,0.735653053,Healthy
16-09-2022,1158,0,222.5721358,222.5721358,935.4278642,0.807796083,677.6728284,FALSE,0.192203917,0.807796083,Healthy
17-09-2022,923,457,222.3151173,679.3151173,243.6848827,0.264013957,621.2630582,FALSE,0.735986043,0.264013957,At Risk
18-09-2022,1107,0,222.073116,222.073116,884.926884,0.799391946,697.8385549,FALSE,0.200608054,0.799391946,Healthy
19-09-2022,707,263,221.8458272,484.8458272,222.1541728,0.314220895,618.1115055,FALSE,0.685779105,0.314220895,Moderate
20-09-2022,835,0,221.6329457,221.6329457,613.3670543,0.734571323,578.511991,FALSE,0.265428677,0.734571323,Healthy
21-09-2022,877,0,221.4341667,221.4341667,655.5658333,0.747509502,596.4688878,FALSE,0.252490498,0.747509502,Healthy
22-09-2022,1056,0,221.2491852,221.2491852,834.7508148,0.790483726,627.125358,FALSE,0.209516274,0.790483726,Healthy
23-09-2022,891,0,221.0776963,221.0776963,669.9223037,0.751876884,589.1959922,FALSE,0.248123116,0.751876884,Healthy
24-09-2022,1146,0,220.9193951,220.9193951,925.0806049,0.807225659,686.5382383,FALSE,0.192774341,0.807225659,Healthy
25-09-2022,1116,0,220.7739765,220.7739765,895.2260235,0.802173856,688.0095439,FALSE,0.197826144,0.802173856,Healthy
26-09-2022,1160,0,220.6411358,220.6411358,939.3588642,0.809792124,790.467357,FALSE,0.190207876,0.809792124,Healthy
27-09-2022,1112,134,220.5205679,354.5205679,757.4794321,0.68118654,811.0548395,FALSE,0.31881346,0.68118654,Healthy
28-09-2022,1089,0,220.4119679,220.4119679,868.5880321,0.797601499,841.4865822,FALSE,0.202398501,0.797601499,Healthy
29-09-2022,955,0,220.3150309,220.3150309,734.6849691,0.769303633,827.1914614,FALSE,0.230696367,0.769303633,Healthy
30-09-2022,1108,0,220.2294519,220.2294519,887.7705481,0.801236957,858.3126392,FALSE,0.198763043,0.801236957,Healthy
01-10-2022,1011,0,220.1549259,220.1549259,790.8450741,0.782240429,839.1361347,FALSE,0.217759571,0.782240429,Healthy
02-10-2022,950,218,220.0911481,438.0911481,511.9088519,0.538851423,784.3765388,FALSE,0.461148577,0.538851423,Moderate
03-10-2022,1073,0,220.0378136,220.0378136,852.9621864,0.79493214,772.0341563,FALSE,0.20506786,0.79493214,Healthy
04-10-2022,923,0,219.9946173,219.9946173,703.0053827,0.761652636,764.2521492,FALSE,0.238347364,0.761652636,Healthy
05-10-2022,966,0,219.9612543,219.9612543,746.0387457,0.772296838,746.7451083,FALSE,0.227703162,0.772296838,Healthy
06-10-2022,762,0,219.9374198,219.9374198,542.0625802,0.711368216,719.2276242,FALSE,0.288631784,0.711368216,Healthy
07-10-2022,1014,0,219.9228086,219.9228086,794.0771914,0.783113601,705.8428589,FALSE,0.216886399,0.783113601,Healthy
08-10-2022,1160,204,219.917116,423.917116,736.082884,0.63455421,698.0196889,FALSE,0.36544579,0.63455421,Healthy
09-10-2022,1084,410,219.920037,629.920037,454.079963,0.418892955,689.758419,FALSE,0.581107045,0.418892955,Moderate
10-10-2022,1164,0,219.9312667,219.9312667,944.0687333,0.811055613,702.77364,FALSE,0.188944387,0.811055613,Healthy
11-10-2022,832,0,219.9505,219.9505,612.0495,0.735636418,689.7799425,FALSE,0.264363582,0.735636418,Healthy
12-10-2022,1136,0,219.9774321,219.9774321,916.0225679,0.806357894,714.0633457,FALSE,0.193642106,0.806357894,Healthy
13-10-2022,752,0,219.9868395,219.9868395,532.0131605,0.707464309,712.6277143,FALSE,0.292535691,0.707464309,Healthy
14-10-2022,1157,0,220.0040321,220.0040321,936.9959679,0.809849583,733.0446824,FALSE,0.190150417,0.809849583,Healthy
15-10-2022,784,0,220.0292148,220.0292148,563.9707852,0.719350491,708.4572397,FALSE,0.280649509,0.719350491,Healthy
16-10-2022,1065,0,220.0625926,220.0625926,844.9374074,0.793368458,764.2940175,FALSE,0.206631542,0.793368458,Healthy
17-10-2022,872,0,220.1043704,220.1043704,651.8956296,0.747586731,722.5550026,FALSE,0.252413269,0.747586731,Healthy
18-10-2022,1145,0,220.1547531,220.1547531,924.8452469,0.807725106,767.2401093,FALSE,0.192274894,0.807725106,Healthy
19-10-2022,1187,0,220.2139457,220.2139457,966.7860543,0.814478563,774.492036,FALSE,0.185521437,0.814478563,Healthy
20-10-2022,1047,0,220.2821531,220.2821531,826.7178469,0.789606349,816.5927055,FALSE,0.210393651,0.789606349,Healthy
21-10-2022,738,0,220.3595802,220.3595802,517.6404198,0.701409783,756.68477,FALSE,0.298590217,0.701409783,Healthy
22-10-2022,861,0,220.4464321,220.4464321,640.5535679,0.743964655,767.6251675,FALSE,0.256035345,0.743964655,Healthy
23-10-2022,958,0,220.5429136,220.5429136,737.4570864,0.76978819,752.270836,FALSE,0.23021181,0.76978819,Healthy
24-10-2022,967,0,220.6492296,220.6492296,746.3507704,0.771820859,765.7644275,FALSE,0.228179141,0.771820859,Healthy
25-10-2022,935,0,220.7655852,220.7655852,714.2344148,0.763887075,735.6771658,FALSE,0.236112925,0.763887075,Healthy
26-10-2022,921,0,220.8921852,220.8921852,700.1078148,0.760160494,697.5802744,FALSE,0.239839506,0.760160494,Healthy
27-10-2022,1100,402,221.0292346,623.0292346,476.9707654,0.433609787,647.6164056,FALSE,0.566390213,0.433609787,Moderate
28-10-2022,1040,0,221.1769383,221.1769383,818.8230617,0.787329867,690.6424974,FALSE,0.212670133,0.787329867,Healthy
29-10-2022,774,0,221.3355012,221.3355012,552.6644988,0.71403682,678.086916,FALSE,0.28596318,0.71403682,Healthy
30-10-2022,1121,0,221.5051284,221.5051284,899.4948716,0.802403989,701.2351711,FALSE,0.197596011,0.802403989,Healthy
31-10-2022,925,0,221.6860247,221.6860247,703.3139753,0.760339433,695.0870575,FALSE,0.239660567,0.760339433,Healthy
01-11-2022,797,0,221.8783951,221.8783951,575.1216049,0.721608036,675.2137989,FALSE,0.278391964,0.721608036,Healthy
02-11-2022,1034,0,222.0824444,222.0824444,811.9175556,0.785220073,691.186619,FALSE,0.214779927,0.785220073,Healthy
03-11-2022,1146,0,222.2983778,222.2983778,923.7016222,0.806022358,755.0053129,FALSE,0.193977642,0.806022358,Healthy
04-11-2022,948,0,222.5264,222.5264,725.4736,0.765267511,741.6696755,FALSE,0.234732489,0.765267511,Healthy
05-11-2022,1171,0,222.766716,222.766716,948.233284,0.809763693,798.1795019,FALSE,0.190236307,0.809763693,Healthy
06-11-2022,729,0,223.0195309,223.0195309,505.9804691,0.694074718,741.9631587,FALSE,0.305925282,0.694074718,Healthy
07-11-2022,750,0,223.2850494,223.2850494,526.7149506,0.702286601,716.7347266,FALSE,0.297713399,0.702286601,Healthy
08-11-2022,984,283,223.5634765,506.5634765,477.4365235,0.485199719,702.779715,FALSE,0.514800281,0.485199719,Moderate
09-11-2022,1029,0,223.8550173,223.8550173,805.1449827,0.782453822,701.8122046,FALSE,0.217546178,0.782453822,Healthy
10-11-2022,1039,0,224.1598765,224.1598765,814.8401235,0.784254209,686.2605619,FALSE,0.215745791,0.784254209,Healthy
11-11-2022,733,0,224.4782593,224.4782593,508.5217407,0.69375408,655.2674392,FALSE,0.30624592,0.69375408,Healthy
12-11-2022,1149,0,224.8187593,224.8187593,924.1812407,0.804335283,651.831433,FALSE,0.195664717,0.804335283,Healthy
13-11-2022,934,0,225.1562815,225.1562815,708.8437185,0.758933317,680.8118972,FALSE,0.241066683,0.758933317,Healthy
14-11-2022,1158,348,225.4818296,573.4818296,584.5181704,0.504765259,689.0695,FALSE,0.495234741,0.504765259,Moderate
15-11-2022,1073,0,225.7950556,225.7950556,847.2049444,0.789566584,741.8935601,FALSE,0.210433416,0.789566584,Healthy
16-11-2022,1087,283,226.0956111,509.0956111,577.9043889,0.531650772,709.4306182,FALSE,0.468349228,0.531650772,Moderate
17-11-2022,894,0,226.3831481,226.3831481,667.6168519,0.746775002,688.3987222,FALSE,0.253224998,0.746775002,Healthy
18-11-2022,854,0,226.6573185,226.6573185,627.3426815,0.734593304,705.3731423,FALSE,0.265406696,0.734593304,Healthy
19-11-2022,1133,0,226.9177741,226.9177741,906.0822259,0.799719529,702.7875688,FALSE,0.200280471,0.799719529,Healthy
20-11-2022,750,104,227.1641667,331.1641667,418.8358333,0.558447778,661.3578709,FALSE,0.441552222,0.558447778,Moderate
21-11-2022,791,0,227.3961481,227.3961481,563.6038519,0.712520672,658.3701111,FALSE,0.287479328,0.712520672,Healthy
22-11-2022,721,100,227.6133704,327.6133704,393.3866296,0.545612524,593.5389233,FALSE,0.454387476,0.545612524,Moderate
23-11-2022,932,0,227.8154852,227.8154852,704.1845148,0.755562784,611.5789413,FALSE,0.244437216,0.755562784,Healthy
24-11-2022,745,0,228.0021444,228.0021444,516.9978556,0.693956853,590.0619418,FALSE,0.306043147,0.693956853,Healthy
25-11-2022,777,0,228.173,228.173,548.827,0.706341055,578.8454159,FALSE,0.293658945,0.706341055,Healthy
26-11-2022,1110,348,228.3277037,576.3277037,533.6722963,0.480785853,525.6439974,FALSE,0.519214147,0.480785853,Moderate
27-11-2022,913,449,228.4659074,677.4659074,235.5340926,0.257978196,499.4580344,FALSE,0.742021804,0.257978196,At Risk
28-11-2022,1018,0,228.587263,228.587263,789.412737,0.775454555,531.7164466,FALSE,0.224545445,0.775454555,Healthy
29-11-2022,1036,0,228.6914222,228.6914222,807.3085778,0.779255384,590.8481534,FALSE,0.220744616,0.779255384,Healthy
30-11-2022,956,454,228.778037,682.778037,273.221963,0.285797032,529.2820746,FALSE,0.714202968,0.285797032,At Risk
01-12-2022,879,0,228.8467593,228.8467593,650.1532407,0.739651013,548.3042725,FALSE,0.260348987,0.739651013,Healthy
02-12-2022,826,0,228.8972407,228.8972407,597.1027593,0.722884696,555.2008095,FALSE,0.277115304,0.722884696,Healthy
03-12-2022,713,0,228.9291333,228.9291333,484.0708667,0.678921272,548.114891,FALSE,0.321078728,0.678921272,Healthy
04-12-2022,1170,0,228.9420889,228.9420889,941.0579111,0.804323001,648.9040079,FALSE,0.195676999,0.804323001,Healthy
05-12-2022,1085,0,228.9357593,228.9357593,856.0642407,0.7889993,658.4256513,FALSE,0.2110007,0.7889993,Healthy
06-12-2022,713,470,228.9097963,698.9097963,14.0902037,0.019761857,545.1087407,TRUE,0.980238143,0.019761857,At Risk
07-12-2022,810,0,228.8638519,228.8638519,581.1361481,0.717452035,589.0964815,FALSE,0.282547965,0.717452035,Healthy
08-12-2022,1062,0,228.7975778,228.7975778,833.2024222,0.78455972,615.2463646,FALSE,0.21544028,0.78455972,Healthy
09-12-2022,1192,0,228.7106259,228.7106259,963.2893741,0.80812867,667.5587381,FALSE,0.19187133,0.80812867,Healthy
10-12-2022,993,0,228.6026481,228.6026481,764.3973519,0.769785853,707.6053788,FALSE,0.230214147,0.769785853,Healthy
11-12-2022,714,218,228.4732963,446.4732963,267.5267037,0.37468726,611.3866349,FALSE,0.62531274,0.37468726,Moderate
12-12-2022,727,372,228.3222222,600.3222222,126.6777778,0.174247287,507.1885688,FALSE,0.825752713,0.174247287,At Risk
13-12-2022,825,244,228.1575,472.1575,352.8425,0.427687879,555.581754,FALSE,0.572312121,0.427687879,Moderate
14-12-2022,911,0,228.005216,228.005216,682.994784,0.749719851,570.1329877,FALSE,0.250280149,0.749719851,Healthy
15-12-2022,1093,0,227.865616,227.865616,865.134384,0.791522767,574.6946965,FALSE,0.208477233,0.791522767,Healthy
16-12-2022,808,0,227.7389457,227.7389457,580.2610543,0.718144869,519.9763651,FALSE,0.281855131,0.718144869,Healthy
17-12-2022,927,0,227.6254506,227.6254506,699.3745494,0.754449352,510.6873933,FALSE,0.245550648,0.754449352,Healthy
18-12-2022,733,0,227.5253765,227.5253765,505.4746235,0.689597031,544.6799533,FALSE,0.310402969,0.689597031,Healthy
19-12-2022,1123,0,227.4389691,227.4389691,895.5610309,0.797471978,654.520418,FALSE,0.202528022,0.797471978,Healthy
20-12-2022,782,0,227.3664741,227.3664741,554.6335259,0.709250033,683.3477074,FALSE,0.290749967,0.709250033,Healthy
21-12-2022,800,0,227.308137,227.308137,572.691863,0.715864829,667.5901473,FALSE,0.284135171,0.715864829,Healthy
22-12-2022,981,0,227.2642037,227.2642037,753.7357963,0.768334145,651.6760633,FALSE,0.231665855,0.768334145,Healthy
23-12-2022,1142,0,227.2349198,227.2349198,914.7650802,0.80102021,699.4623527,FALSE,0.19897979,0.80102021,Healthy
24-12-2022,1064,0,227.2205309,227.2205309,836.7794691,0.786446869,719.091627,FALSE,0.213553131,0.786446869,Healthy
25-12-2022,1076,0,227.2212827,227.2212827,848.7787173,0.788827804,768.135069,FALSE,0.211172196,0.788827804,Healthy
26-12-2022,849,0,227.237421,227.237421,621.762579,0.732346972,729.0210044,FALSE,0.267653028,0.732346972,Healthy
27-12-2022,769,0,227.2691914,227.2691914,541.7308086,0.70446139,727.1777591,FALSE,0.29553861,0.70446139,Healthy
28-12-2022,703,0,227.3168395,227.3168395,475.6831605,0.676647454,713.319373,FALSE,0.323352546,0.676647454,Healthy
29-12-2022,1145,0,227.3806111,227.3806111,917.6193889,0.801414313,736.7313148,FALSE,0.198585687,0.801414313,Healthy
30-12-2022,794,236,227.4607519,463.4607519,330.5392481,0.416296282,653.2704817,FALSE,0.583703718,0.416296282,Moderate
31-12-2022,942,328,227.5575074,555.5575074,386.4424926,0.410236192,588.9366279,FALSE,0.589763808,0.410236192,Moderate
01-01-2023,1107,421,227.6711235,648.6711235,458.3288765,0.414027892,533.1580792,FALSE,0.585972108,0.414027892,Moderate
02-01-2023,919,0,227.8018457,227.8018457,691.1981543,0.752119863,543.0774471,FALSE,0.247880137,0.752119863,Healthy
03-01-2023,1034,0,227.9499198,227.9499198,806.0500802,0.779545532,580.837343,FALSE,0.220454468,0.779545532,Healthy
04-01-2023,1068,0,228.1155914,228.1155914,839.8844086,0.786408622,632.8660928,FALSE,0.213591378,0.786408622,Healthy
05-01-2023,1185,0,228.2991062,228.2991062,956.7008938,0.807342526,638.4491649,FALSE,0.192657474,0.807342526,Healthy
06-01-2023,1140,0,228.5007099,228.5007099,911.4992901,0.799560781,721.4434566,FALSE,0.200439219,0.799560781,Healthy
07-01-2023,902,0,228.7206481,228.7206481,673.2793519,0.746429437,762.4201508,FALSE,0.253570563,0.746429437,Healthy
08-01-2023,1134,0,228.9591667,228.9591667,905.0408333,0.798095973,826.2361446,FALSE,0.201904027,0.798095973,Healthy
09-01-2023,832,217,229.2165111,446.2165111,385.7834889,0.463682078,782.6054781,FALSE,0.536317922,0.463682078,Moderate
10-01-2023,974,119,229.4929272,348.4929272,625.5070728,0.642204387,756.8136199,FALSE,0.357795613,0.642204387,Healthy
11-01-2023,839,189,229.7886605,418.7886605,420.2113395,0.500847842,696.8603243,FALSE,0.499152158,0.500847842,Moderate
12-01-2023,1081,455,230.1039568,685.1039568,395.8960432,0.366231307,616.7453457,FALSE,0.633768693,0.366231307,Moderate
13-01-2023,1190,0,230.413,230.413,959.587,0.80637563,623.6150185,FALSE,0.19362437,0.80637563,Healthy
14-01-2023,1089,0,230.7068556,230.7068556,858.2931444,0.788147975,650.0455603,FALSE,0.211852025,0.788147975,Healthy
15-01-2023,709,0,230.9851247,230.9851247,478.0148753,0.674209979,589.041852,FALSE,0.325790021,0.674209979,Healthy
16-01-2023,837,0,231.2474086,231.2474086,605.7525914,0.723718747,620.4660095,FALSE,0.276281253,0.723718747,Healthy
17-01-2023,712,0,231.4933086,231.4933086,480.5066914,0.674868949,599.7516693,FALSE,0.325131051,0.674868949,Healthy
18-01-2023,783,0,231.7224259,231.7224259,551.2775741,0.704058204,618.4754171,FALSE,0.295941796,0.704058204,Healthy
19-01-2023,800,364,231.9343617,595.9343617,204.0656383,0.255082048,591.0710735,FALSE,0.744917952,0.255082048,At Risk
20-01-2023,1098,0,232.1287173,232.1287173,865.8712827,0.788589511,577.6831139,FALSE,0.211410489,0.788589511,Healthy
21-01-2023,1118,0,232.3050938,232.3050938,885.6949062,0.792213691,581.5976513,FALSE,0.207786309,0.792213691,Healthy
22-01-2023,1004,0,232.4630926,232.4630926,771.5369074,0.768463055,623.5293702,FALSE,0.231536945,0.768463055,Healthy
23-01-2023,1143,0,232.6023148,232.6023148,910.3976852,0.796498412,667.0500979,FALSE,0.203501588,0.796498412,Healthy
24-01-2023,1033,0,232.7223617,232.7223617,800.2776383,0.774712138,712.7316617,FALSE,0.225287862,0.774712138,Healthy
25-01-2023,1158,0,232.8228346,232.8228346,925.1771654,0.798944012,766.1458891,FALSE,0.201055988,0.798944012,Healthy
26-01-2023,775,0,232.9033346,232.9033346,542.0966654,0.699479568,814.4360358,FALSE,0.300520432,0.699479568,Healthy
27-01-2023,700,0,232.963463,232.963463,467.036537,0.667195053,757.4596436,FALSE,0.332804947,0.667195053,Healthy
28-01-2023,1105,448,233.002821,681.002821,423.997179,0.383707854,691.5028254,FALSE,0.616292146,0.383707854,Moderate
29-01-2023,1060,0,233.0210099,233.0210099,826.9789901,0.780168859,699.4231229,FALSE,0.219831141,0.780168859,Healthy
30-01-2023,1015,312,233.0176309,545.0176309,469.9823691,0.463036817,636.5066492,FALSE,0.536963183,0.463036817,Moderate
31-01-2023,704,0,232.9922852,232.9922852,471.0077148,0.669045049,589.4680887,FALSE,0.330954951,0.669045049,Healthy
01-02-2023,777,0,232.9445741,232.9445741,544.0554259,0.700200033,535.0221259,FALSE,0.299799967,0.700200033,Healthy
02-02-2023,831,0,232.8740988,232.8740988,598.1259012,0.719766427,543.0263025,FALSE,0.280233573,0.719766427,Healthy
03-02-2023,741,0,232.7804605,232.7804605,508.2195395,0.685856329,548.9095885,FALSE,0.314143671,0.685856329,Healthy
04-02-2023,995,0,232.6632605,232.6632605,762.3367395,0.766167577,597.2438115,FALSE,0.233832423,0.766167577,Healthy
05-02-2023,803,0,232.5221,232.5221,570.4779,0.71043325,560.6007986,FALSE,0.28956675,0.71043325,Healthy
06-02-2023,878,0,232.3565802,232.3565802,645.6434198,0.73535697,585.6952344,FALSE,0.26464303,0.73535697,Healthy
07-02-2023,1052,0,232.1663025,232.1663025,819.8336975,0.779309598,635.5275176,FALSE,0.220690402,0.779309598,Healthy
08-02-2023,842,0,231.9508679,231.9508679,610.0491321,0.72452391,644.9551899,FALSE,0.27547609,0.72452391,Healthy
09-02-2023,844,0,231.7098778,231.7098778,612.2901222,0.72546223,646.9786501,FALSE,0.27453777,0.72546223,Healthy
10-02-2023,1149,0,231.4429333,231.4429333,917.5570667,0.798570119,705.4554397,FALSE,0.201429881,0.798570119,Healthy
11-02-2023,803,0,231.1496358,231.1496358,571.8503642,0.712142421,678.2431004,FALSE,0.287857579,0.712142421,Healthy
12-02-2023,738,233,230.8382099,463.8382099,274.1617901,0.371492941,635.9122275,FALSE,0.628507059,0.371492941,Moderate
13-02-2023,1090,0,230.5347988,230.5347988,859.4652012,0.788500185,666.4581963,FALSE,0.211499815,0.788500185,Healthy
14-02-2023,741,114,230.2314025,344.2314025,396.7685975,0.535450199,606.0203249,FALSE,0.464549801,0.535450199,Moderate
15-02-2023,988,0,229.9286025,229.9286025,758.0713975,0.767278742,627.1663628,FALSE,0.232721258,0.767278742,Healthy
16-02-2023,930,0,229.6269802,229.6269802,700.3730198,0.753089269,639.7496339,FALSE,0.246910731,0.753089269,Healthy
17-02-2023,856,196,229.3271173,425.3271173,430.6728827,0.503122527,570.1947504,FALSE,0.496877473,0.503122527,Moderate
18-02-2023,1184,0,229.0295951,229.0295951,954.9704049,0.806562842,624.9261848,FALSE,0.193437158,0.806562842,Healthy
19-02-2023,988,185,228.7349951,413.7349951,574.2650049,0.581239884,667.7980727,FALSE,0.418760116,0.581239884,Moderate
20-02-2023,709,0,228.4438988,228.4438988,480.5561012,0.677794219,613.6682012,FALSE,0.322205781,0.677794219,Healthy
21-02-2023,1029,0,228.1568877,228.1568877,800.8431123,0.77827319,671.3931319,FALSE,0.22172681,0.77827319,Healthy
22-02-2023,993,0,227.8745432,227.8745432,765.1254568,0.77051909,672.4008547,FALSE,0.22948091,0.77051909,Healthy
23-02-2023,1002,0,227.5974469,227.5974469,774.4025531,0.772856839,682.9765023,FALSE,0.227143161,0.772856839,Healthy
24-02-2023,915,0,227.3261802,227.3261802,687.6738198,0.751556087,719.6909219,FALSE,0.248443913,0.751556087,Healthy
25-02-2023,714,0,227.0613247,227.0613247,486.9386753,0.68198694,652.8292462,FALSE,0.31801306,0.68198694,Healthy
26-02-2023,960,0,226.8034617,226.8034617,733.1965383,0.763746394,675.533751,FALSE,0.236253606,0.763746394,Healthy
27-02-2023,1023,0,226.5531728,226.5531728,796.4468272,0.778540398,720.6609975,FALSE,0.221459602,0.778540398,Healthy
28-02-2023,829,214,226.3110395,440.3110395,388.6889605,0.46886485,661.781833,FALSE,0.53113515,0.46886485,Moderate
01-03-2023,691,0,226.0776432,226.0776432,464.9223568,0.672825408,618.8956758,FALSE,0.327174592,0.672825408,Healthy
02-03-2023,682,0,225.8535654,225.8535654,456.1464346,0.668836414,573.430516,FALSE,0.331163586,0.668836414,Healthy
03-03-2023,410,0,225.6393877,225.6393877,184.3606123,0.44966003,501.5286293,FALSE,0.55033997,0.44966003,Moderate
04-03-2023,759,0,225.4356914,225.4356914,533.5643086,0.702983279,508.189434,FALSE,0.297016721,0.702983279,Healthy
05-03-2023,599,0,225.243058,225.243058,373.756942,0.623968184,456.8409203,FALSE,0.376031816,0.623968184,Healthy
06-03-2023,745,0,225.0620691,225.0620691,519.9379309,0.697903263,417.3396494,FALSE,0.302096737,0.697903263,Healthy
07-03-2023,795,0,224.8933062,224.8933062,570.1066938,0.717115338,443.2564684,FALSE,0.282884662,0.717115338,Healthy
08-03-2023,503,0,224.7373506,224.7373506,278.2626494,0.553206062,416.5907959,FALSE,0.446793938,0.553206062,Moderate
09-03-2023,510,0,224.594784,224.594784,285.405216,0.559618071,392.1991933,FALSE,0.440381929,0.559618071,Moderate
10-03-2023,570,0,224.4661877,224.4661877,345.5338123,0.606199671,415.2239362,FALSE,0.393800329,0.606199671,Healthy
11-03-2023,755,0,224.3521432,224.3521432,530.6478568,0.702844843,414.8073002,FALSE,0.297155157,0.702844843,Healthy
12-03-2023,532,0,224.2532321,224.2532321,307.7467679,0.578471368,405.3772753,FALSE,0.421528632,0.578471368,Moderate
13-03-2023,727,0,224.1700358,224.1700358,502.8299642,0.69165057,402.9332801,FALSE,0.30834943,0.69165057,Healthy
14-03-2023,491,0,224.1031358,224.1031358,266.8968642,0.543578135,359.6175901,FALSE,0.456421865,0.543578135,Moderate
15-03-2023,792,0,224.0354,224.0354,567.9646,0.71712702,401.0035831,FALSE,0.28287298,0.71712702,Healthy
16-03-2023,428,396,224.0009111,620.0009111,-192.0009111,-0.44860026,332.8027078,TRUE,1.44860026,-0.44860026,At Risk
17-03-2023,656,445,223.9994259,668.9994259,-12.99942593,-0.019816198,281.5836737,TRUE,1.019816198,-0.019816198,At Risk
18-03-2023,581,0,224.0307012,224.0307012,356.9692988,0.614404989,256.7724511,FALSE,0.385595011,0.614404989,Healthy
19-03-2023,400,0,224.0944938,224.0944938,175.9055062,0.439763765,237.9379852,FALSE,0.560236235,0.439763765,Moderate
20-03-2023,454,0,224.1905605,224.1905605,229.8094395,0.506188193,198.9350531,FALSE,0.493811807,0.506188193,Moderate
21-03-2023,798,0,224.318658,224.318658,573.681342,0.718898925,242.7614071,FALSE,0.281101075,0.718898925,Healthy
22-03-2023,708,0,224.4785432,224.4785432,483.5214568,0.682939911,230.6981009,FALSE,0.317060089,0.682939911,Healthy
23-03-2023,712,390,224.6699728,614.6699728,97.33002716,0.136699476,272.0310921,FALSE,0.863300524,0.136699476,At Risk
24-03-2023,424,0,224.8927037,224.8927037,199.1072963,0.46959268,302.3320524,FALSE,0.53040732,0.46959268,Moderate
25-03-2023,693,0,225.1464926,225.1464926,467.8535074,0.675113286,318.1726536,FALSE,0.324886714,0.675113286,Healthy
26-03-2023,609,0,225.4310963,225.4310963,383.5689037,0.629833996,347.8388533,FALSE,0.370166004,0.629833996,Healthy
27-03-2023,746,0,225.7462716,225.7462716,520.2537284,0.697391057,389.3308945,FALSE,0.302608943,0.697391057,Healthy
28-03-2023,763,0,226.0917753,226.0917753,536.9082247,0.703680504,384.0775921,FALSE,0.296319496,0.703680504,Healthy
29-03-2023,581,279,226.4673642,505.4673642,75.5326358,0.130004537,325.7934748,FALSE,0.869995463,0.130004537,At Risk
30-03-2023,743,0,226.8727951,226.8727951,516.1272049,0.694653035,385.621643,FALSE,0.305346965,0.694653035,Healthy
31-03-2023,684,0,227.3078247,227.3078247,456.6921753,0.667678619,422.4194829,FALSE,0.332321381,0.667678619,Healthy
01-04-2023,549,0,227.7722099,227.7722099,321.2277901,0.585114372,401.4729519,FALSE,0.414885628,0.585114372,Moderate
02-04-2023,769,0,228.2657074,228.2657074,540.7342926,0.70316553,423.9251503,FALSE,0.29683447,0.70316553,Healthy
03-04-2023,736,0,228.7880741,228.7880741,507.2119259,0.689146638,422.0620356,FALSE,0.310853362,0.689146638,Healthy
04-04-2023,576,0,229.3390667,229.3390667,346.6609333,0.601841898,394.8838511,FALSE,0.398158102,0.601841898,Healthy
05-04-2023,741,288,229.918442,517.918442,223.081558,0.301054734,415.9622686,FALSE,0.698945266,0.301054734,Moderate
06-04-2023,726,0,230.5259568,230.5259568,495.4740432,0.682471134,413.0118169,FALSE,0.317528866,0.682471134,Healthy
07-04-2023,540,0,231.1613679,231.1613679,308.8386321,0.571923393,391.8898822,FALSE,0.428076607,0.571923393,Moderate
08-04-2023,778,0,231.8244321,231.8244321,546.1755679,0.702025152,424.025279,FALSE,0.297974848,0.702025152,Healthy
09-04-2023,717,0,232.5149062,232.5149062,484.4850938,0.675711428,415.9896792,FALSE,0.324288572,0.675711428,Healthy
10-04-2023,684,0,233.2325469,233.2325469,450.7674531,0.659016744,407.9261831,FALSE,0.340983256,0.659016744,Healthy
11-04-2023,685,0,233.9771111,233.9771111,451.0228889,0.658427575,422.8350339,FALSE,0.341572425,0.658427575,Healthy
12-04-2023,418,177,234.7483556,411.7483556,6.251644444,0.014956087,391.8593319,TRUE,0.985043913,0.014956087,At Risk
13-04-2023,574,0,235.546037,235.546037,338.453963,0.58964105,369.4278919,FALSE,0.41035895,0.58964105,Moderate
14-04-2023,512,0,236.3440815,236.3440815,275.6559185,0.538390466,364.6875042,FALSE,0.461609534,0.538390466,Moderate
15-04-2023,565,0,237.0906926,237.0906926,327.9093074,0.580370456,333.5066099,FALSE,0.419629544,0.580370456,Moderate
16-04-2023,531,154,237.785563,391.785563,139.214437,0.262174081,284.1822303,FALSE,0.737825919,0.262174081,At Risk
17-04-2023,687,0,238.4283852,238.4283852,448.5716148,0.652942671,283.8685392,FALSE,0.347057329,0.652942671,Healthy
18-04-2023,765,0,239.0188519,239.0188519,525.9811481,0.687557056,294.5768619,FALSE,0.312442944,0.687557056,Healthy
19-04-2023,486,0,239.5566556,239.5566556,246.4433444,0.507085071,328.8899619,FALSE,0.492914929,0.507085071,Moderate
20-04-2023,687,0,240.0414889,240.0414889,446.9585111,0.65059463,344.3906116,FALSE,0.34940537,0.65059463,Healthy
21-04-2023,748,0,240.4730444,240.4730444,507.5269556,0.678511973,377.5150455,FALSE,0.321488027,0.678511973,Healthy
22-04-2023,712,0,240.8510148,240.8510148,471.1489852,0.661726103,397.9778566,FALSE,0.338273897,0.661726103,Healthy
23-04-2023,654,153,241.1750926,394.1750926,259.8249074,0.397285791,415.2079238,FALSE,0.602714209,0.397285791,Moderate
24-04-2023,638,0,241.4449704,241.4449704,396.5550296,0.621559608,407.7769831,FALSE,0.378440392,0.621559608,Healthy
25-04-2023,450,0,241.6603407,241.6603407,208.3396593,0.462977021,362.3996275,FALSE,0.537022979,0.462977021,Moderate
26-04-2023,663,195,241.8208963,436.8208963,226.1791037,0.341144953,359.504736,FALSE,0.658855047,0.341144953,Moderate
27-04-2023,799,0,241.9263296,241.9263296,557.0736704,0.697213605,375.235473,FALSE,0.302786395,0.697213605,Healthy
28-04-2023,564,497,241.9763333,738.9763333,-174.9763333,-0.310241726,277.7350032,TRUE,1.310241726,-0.310241726,At Risk
29-04-2023,406,0,241.9706,241.9706,164.0294,0.4040133,233.8607767,FALSE,0.5959867,0.4040133,Moderate
30-04-2023,560,0,241.9088222,241.9088222,318.0911778,0.56801996,242.1845296,FALSE,0.43198004,0.56801996,Moderate
01-05-2023,546,135,241.7906926,376.7906926,169.2093074,0.309907156,209.7065693,FALSE,0.690092844,0.309907156,Moderate
02-05-2023,587,0,241.6159037,241.6159037,345.3840963,0.58838858,229.284346,FALSE,0.41161142,0.58838858,Moderate
03-05-2023,784,0,241.3841481,241.3841481,542.6158519,0.692112056,274.4895958,FALSE,0.307887944,0.692112056,Healthy
04-05-2023,410,0,241.0951185,241.0951185,168.9048815,0.411963126,219.0369116,FALSE,0.588036874,0.411963126,Moderate
05-05-2023,785,0,240.7485074,240.7485074,544.2514926,0.693314003,321.7837439,FALSE,0.306685997,0.693314003,Healthy
06-05-2023,518,0,240.3440074,240.3440074,277.6559926,0.53601543,338.0161143,FALSE,0.46398457,0.53601543,Moderate
07-05-2023,660,0,239.8813111,239.8813111,420.1186889,0.636543468,352.591473,FALSE,0.363456532,0.636543468,Healthy
08-05-2023,655,0,239.3601111,239.3601111,415.6398889,0.634564716,387.7958418,FALSE,0.365435284,0.634564716,Healthy
09-05-2023,625,0,238.7801,238.7801,386.2199,0.61795184,393.629528,FALSE,0.38204816,0.61795184,Healthy
10-05-2023,754,0,238.1409704,238.1409704,515.8590296,0.684163169,389.8071249,FALSE,0.315836831,0.684163169,Healthy
11-05-2023,741,0,237.4424148,237.4424148,503.5575852,0.679564892,437.614654,FALSE,0.320435108,0.679564892,Healthy
12-05-2023,480,0,236.6841259,236.6841259,243.3158741,0.506908071,394.6238513,FALSE,0.493091929,0.506908071,Moderate
13-05-2023,519,0,235.8657963,235.8657963,283.1342037,0.545537965,395.4064529,FALSE,0.454462035,0.545537965,Moderate
14-05-2023,614,0,235.0389926,235.0389926,378.9610074,0.617200338,389.5267841,FALSE,0.382799662,0.617200338,Healthy
15-05-2023,608,0,234.2388877,234.2388877,373.7611123,0.614738672,383.5441018,FALSE,0.385261328,0.614738672,Healthy
16-05-2023,608,0,233.4663284,233.4663284,374.5336716,0.616009328,381.8746406,FALSE,0.383990672,0.616009328,Healthy
17-05-2023,439,0,232.7221617,232.7221617,206.2778383,0.469881181,337.6487561,FALSE,0.530118819,0.469881181,Moderate
18-05-2023,680,0,232.0072346,232.0072346,447.9927654,0.65881289,329.7109247,FALSE,0.34118711,0.65881289,Healthy
19-05-2023,645,0,231.3223938,231.3223938,413.6776062,0.64136063,354.048315,FALSE,0.35863937,0.64136063,Healthy
20-05-2023,403,128,230.6684864,358.6684864,44.33151358,0.110003756,319.933645,FALSE,0.889996244,0.110003756,At Risk
21-05-2023,497,0,230.0463593,230.0463593,266.9536407,0.537130062,303.9325926,FALSE,0.462869938,0.537130062,Moderate
22-05-2023,474,0,229.4568593,229.4568593,244.5431407,0.515913799,285.4728824,FALSE,0.484086201,0.515913799,Moderate
23-05-2023,527,455,228.9008333,683.9008333,-156.9008333,-0.297724541,209.5536674,TRUE,1.297724541,-0.297724541,At Risk
24-05-2023,433,0,228.3791284,228.3791284,204.6208716,0.472565523,209.3169578,FALSE,0.527434477,0.472565523,Moderate
25-05-2023,552,0,227.8925914,227.8925914,324.1074086,0.587151103,191.6190497,FALSE,0.412848897,0.587151103,Moderate
26-05-2023,475,0,227.4420691,227.4420691,247.5579309,0.521174591,167.8876675,FALSE,0.478825409,0.521174591,Moderate
27-05-2023,761,126,227.0284086,353.0284086,407.9715914,0.536099332,219.8362501,FALSE,0.463900668,0.536099332,Moderate
28-05-2023,686,0,226.6524568,226.6524568,459.3475432,0.669602833,247.3210933,FALSE,0.330397167,0.669602833,Healthy
29-05-2023,567,0,226.3150605,226.3150605,340.6849395,0.600855272,261.055636,FALSE,0.399144728,0.600855272,Healthy
30-05-2023,636,0,226.0170667,226.0170667,409.9829333,0.644627254,342.0390312,FALSE,0.355372746,0.644627254,Healthy
31-05-2023,793,0,225.7593222,225.7593222,567.2406778,0.715309808,393.8418607,FALSE,0.284690192,0.715309808,Healthy
01-06-2023,589,0,225.5426741,225.5426741,363.4573259,0.617075256,399.4632774,FALSE,0.382924744,0.617075256,Healthy
02-06-2023,463,0,225.3679691,225.3679691,237.6320309,0.513244127,398.0452917,FALSE,0.486755873,0.513244127,Moderate
03-06-2023,709,0,225.2360543,225.2360543,483.7639457,0.682318682,408.8727709,FALSE,0.317681318,0.682318682,Healthy
04-06-2023,706,470,225.1477765,695.1477765,10.85222346,0.015371421,344.8020109,TRUE,0.984628579,0.015371421,At Risk
05-06-2023,428,0,225.1039827,225.1039827,202.8960173,0.474056115,325.1178792,FALSE,0.525943885,0.474056115,Moderate
06-06-2023,695,0,225.1055198,225.1055198,469.8944802,0.676107166,333.6766716,FALSE,0.323892834,0.676107166,Healthy
07-06-2023,563,0,225.1532346,225.1532346,337.8467654,0.600083065,300.9061127,FALSE,0.399916935,0.600083065,Healthy
08-06-2023,694,0,225.2479741,225.2479741,468.7520259,0.675435196,315.9482127,FALSE,0.324564804,0.675435196,Healthy
09-06-2023,709,0,225.3905852,225.3905852,483.6094148,0.682100726,351.087839,FALSE,0.317899274,0.682100726,Healthy
10-06-2023,510,0,225.5819148,225.5819148,284.4180852,0.55768252,322.6098589,FALSE,0.44231748,0.55768252,Moderate
11-06-2023,468,0,225.8228099,225.8228099,242.1771901,0.517472628,355.6562827,FALSE,0.482527372,0.517472628,Moderate
12-06-2023,649,247,226.1141173,473.1141173,175.8858827,0.271010605,351.7976921,FALSE,0.728989395,0.271010605,At Risk
13-06-2023,626,0,226.4221012,226.4221012,399.5778988,0.638303353,341.7524661,FALSE,0.361696647,0.638303353,Healthy
14-06-2023,736,0,226.7285346,226.7285346,509.2714654,0.691944926,366.241709,FALSE,0.308055074,0.691944926,Healthy
15-06-2023,764,300,227.0322556,527.0322556,236.9677444,0.310167205,333.1296688,FALSE,0.689832795,0.310167205,Moderate
16-06-2023,472,116,227.3321025,343.3321025,128.6678975,0.272601478,282.4237377,FALSE,0.727398522,0.272601478,At Risk
17-06-2023,616,0,227.6269136,227.6269136,388.3730864,0.63047579,297.2744522,FALSE,0.36952421,0.63047579,Healthy
18-06-2023,503,0,227.9155272,227.9155272,275.0844728,0.54688762,301.9754926,FALSE,0.45311238,0.54688762,Moderate
19-06-2023,438,328,228.1967815,556.1967815,-118.1967815,-0.269855665,259.9636834,TRUE,1.269855665,-0.269855665,At Risk
20-06-2023,571,0,228.4695148,228.4695148,342.5304852,0.599878258,251.8140529,FALSE,0.400121742,0.599878258,Moderate
21-06-2023,501,0,228.7325654,228.7325654,272.2674346,0.543447973,217.9563342,FALSE,0.456552027,0.543447973,Moderate
22-06-2023,674,0,228.9847716,228.9847716,445.0152284,0.660259983,247.6774034,FALSE,0.339740017,0.660259983,Healthy
23-06-2023,704,429,229.2249716,658.2249716,45.7750284,0.065021347,235.8355649,FALSE,0.934978653,0.065021347,At Risk
24-06-2023,710,0,229.4520037,229.4520037,480.5479963,0.676828164,249.0034092,FALSE,0.323171836,0.676828164,Healthy
25-06-2023,411,0,229.6647062,229.6647062,181.3352938,0.441205094,235.6106693,FALSE,0.558794906,0.441205094,Moderate
26-06-2023,615,0,229.8619173,229.8619173,385.1380827,0.626240785,307.5156499,FALSE,0.373759215,0.626240785,Healthy
27-06-2023,548,0,230.0424753,230.0424753,317.9575247,0.580214461,304.005227,FALSE,0.419785539,0.580214461,Moderate
28-06-2023,773,0,230.2052185,230.2052185,542.7947815,0.702192473,342.6519908,FALSE,0.297807527,0.702192473,Healthy
29-06-2023,599,0,230.3489852,230.3489852,368.6510148,0.615444098,331.7428175,FALSE,0.384555902,0.615444098,Healthy
30-06-2023,488,0,230.4726136,230.4726136,257.5273864,0.527720054,361.9931543,FALSE,0.472279946,0.527720054,Moderate
01-07-2023,558,0,230.574942,230.574942,327.425058,0.586783258,340.1184489,FALSE,0.413216742,0.586783258,Moderate
02-07-2023,864,0,230.6548086,230.6548086,633.3451914,0.733038416,404.6912914,FALSE,0.266961584,0.733038416,Healthy
03-07-2023,787,0,230.7110519,230.7110519,556.2889481,0.706847456,429.141415,FALSE,0.293152544,0.706847456,Healthy
04-07-2023,698,0,230.7425099,230.7425099,467.2574901,0.669423338,450.4699815,FALSE,0.330576662,0.669423338,Healthy
05-07-2023,781,0,230.748021,230.748021,550.251979,0.704547988,451.5352954,FALSE,0.295452012,0.704547988,Healthy
06-07-2023,749,0,230.7264235,230.7264235,518.2735765,0.691954041,472.9099471,FALSE,0.308045959,0.691954041,Healthy
07-07-2023,834,0,230.6765556,230.6765556,603.3234444,0.723409406,522.309384,FALSE,0.276590594,0.723409406,Healthy
08-07-2023,636,427,230.5972556,657.5972556,-21.59725556,-0.033957949,472.4490534,TRUE,1.033957949,-0.033957949,At Risk
09-07-2023,814,0,230.4873617,230.4873617,583.5126383,0.716845993,465.3301173,FALSE,0.283154007,0.716845993,Healthy
10-07-2023,581,0,230.3457123,230.3457123,350.6542877,0.603535779,435.9537372,FALSE,0.396464221,0.603535779,Healthy
11-07-2023,871,0,230.1711457,230.1711457,640.8288543,0.735739213,460.7496464,FALSE,0.264260787,0.735739213,Healthy
12-07-2023,901,0,229.9625,229.9625,671.0375,0.7447697,478.0047208,FALSE,0.2552303,0.7447697,Healthy
13-07-2023,602,258,229.7272593,487.7272593,114.2727407,0.189821828,420.2903157,FALSE,0.810178172,0.189821828,At Risk
14-07-2023,607,197,229.4917494,426.4917494,180.5082506,0.297377678,359.8881451,FALSE,0.702622322,0.297377678,At Risk
15-07-2023,792,0,229.2568728,229.2568728,562.7431272,0.710534251,443.3653427,FALSE,0.289465749,0.710534251,Healthy
16-07-2023,973,0,229.0235321,229.0235321,743.9764679,0.764621241,466.2887469,FALSE,0.235378759,0.764621241,Healthy
17-07-2023,863,0,228.7926296,228.7926296,634.2073704,0.734886872,506.7963302,FALSE,0.265113128,0.734886872,Healthy
18-07-2023,875,0,228.5650679,228.5650679,646.4349321,0.73878278,507.5971984,FALSE,0.26121722,0.73878278,Healthy
19-07-2023,848,0,228.3417494,228.3417494,619.6582506,0.730729069,500.2573056,FALSE,0.269270931,0.730729069,Healthy
20-07-2023,896,0,228.1235765,228.1235765,667.8764235,0.745397794,579.343546,FALSE,0.254602206,0.745397794,Healthy
21-07-2023,515,0,227.9114519,227.9114519,287.0885481,0.557453492,594.5693028,FALSE,0.442546508,0.557453492,Moderate
22-07-2023,607,0,227.7062778,227.7062778,379.2937222,0.624866099,568.362245,FALSE,0.375133901,0.624866099,Healthy
23-07-2023,810,0,227.5089568,227.5089568,582.4910432,0.719124745,545.2928986,FALSE,0.280875255,0.719124745,Healthy
24-07-2023,533,346,227.3203914,573.3203914,-40.32039136,-0.075648014,448.9317898,TRUE,1.075648014,-0.075648014,At Risk
25-07-2023,640,0,227.141484,227.141484,412.858516,0.645091431,415.5637303,FALSE,0.354908569,0.645091431,Healthy
26-07-2023,595,0,226.973137,226.973137,368.026863,0.618532543,379.6163892,FALSE,0.381467457,0.618532543,Healthy
27-07-2023,538,128,226.8162531,354.8162531,183.1837469,0.340490236,310.3745783,FALSE,0.659509764,0.340490236,Moderate
28-07-2023,976,335,226.6717346,561.6717346,414.3282654,0.424516665,328.5516808,FALSE,0.575483335,0.424516665,Moderate
29-07-2023,771,0,226.540484,226.540484,544.459516,0.706173173,352.1467942,FALSE,0.293826827,0.706173173,Healthy
30-07-2023,738,0,226.4234037,226.4234037,511.5765963,0.69319322,342.0161589,FALSE,0.30680678,0.69319322,Healthy
31-07-2023,913,0,226.3213963,226.3213963,686.6786037,0.752112381,445.8731582,FALSE,0.247887619,0.752112381,Healthy
01-08-2023,858,0,226.2353642,226.2353642,631.7646358,0.736322419,477.145461,FALSE,0.263677581,0.736322419,Healthy
02-08-2023,564,0,226.1662099,226.1662099,337.8337901,0.598996082,472.8321649,FALSE,0.401003918,0.598996082,Moderate
03-08-2023,502,0,226.1148358,226.1148358,275.8851642,0.54957204,486.0752245,FALSE,0.45042796,0.54957204,Moderate
04-08-2023,875,0,226.0821444,226.0821444,648.9178556,0.741620406,519.5880231,FALSE,0.258379594,0.741620406,Healthy
05-08-2023,823,0,226.0690383,226.0690383,596.9309617,0.725311011,527.0839439,FALSE,0.274688989,0.725311011,Healthy
06-08-2023,792,292,226.0764198,518.0764198,273.9235802,0.345863106,493.1335131,FALSE,0.654136894,0.345863106,Moderate
07-08-2023,993,498,226.1051914,724.1051914,268.8948086,0.270790341,433.4501138,FALSE,0.729209659,0.270790341,At Risk
08-08-2023,876,0,226.1562556,226.1562556,649.8437444,0.741830758,436.0328436,FALSE,0.258169242,0.741830758,Healthy
09-08-2023,639,0,226.2305148,226.2305148,412.7694852,0.645961636,446.7379429,FALSE,0.354038364,0.645961636,Healthy
10-08-2023,792,0,226.3288716,226.3288716,565.6711284,0.714231223,488.1359377,FALSE,0.285768777,0.714231223,Healthy
11-08-2023,926,0,226.4522284,226.4522284,699.5477716,0.755451157,495.3687829,FALSE,0.244548843,0.755451157,Healthy
12-08-2023,794,0,226.6014877,226.6014877,567.3985123,0.714607698,491.1498616,FALSE,0.285392302,0.714607698,Healthy
13-08-2023,801,0,226.7509556,226.7509556,574.2490444,0.716915162,534.0534993,FALSE,0.283084838,0.716915162,Healthy
14-08-2023,561,0,226.8917926,226.8917926,334.1082074,0.595558302,543.3696991,FALSE,0.404441698,0.595558302,Moderate
15-08-2023,652,0,227.023679,227.023679,424.976321,0.651804173,511.2457815,FALSE,0.348195827,0.651804173,Healthy
16-08-2023,759,0,227.1462951,227.1462951,531.8537049,0.700729519,528.2578129,FALSE,0.299270481,0.700729519,Healthy
17-08-2023,647,0,227.259321,227.259321,419.740679,0.648749117,507.4106058,FALSE,0.351250883,0.648749117,Healthy
18-08-2023,809,0,227.362437,227.362437,581.637563,0.718958669,490.5662903,FALSE,0.281041331,0.718958669,Healthy
19-08-2023,992,206,227.4553235,433.4553235,558.5446765,0.563049069,489.3014566,FALSE,0.436950931,0.563049069,Moderate
20-08-2023,812,0,227.5376605,227.5376605,584.4623395,0.719781206,490.7604988,FALSE,0.280218794,0.719781206,Healthy
21-08-2023,740,0,227.6091284,227.6091284,512.3908716,0.692420097,516.2294508,FALSE,0.307579903,0.692420097,Healthy
22-08-2023,875,0,227.6694074,227.6694074,647.3305926,0.739806392,547.9943467,FALSE,0.260193608,0.739806392,Healthy
23-08-2023,760,0,227.7181778,227.7181778,532.2818222,0.700370819,548.0555063,FALSE,0.299629181,0.700370819,Healthy
24-08-2023,714,0,227.7551198,227.7551198,486.2448802,0.681015238,557.5561065,FALSE,0.318984762,0.681015238,Healthy
25-08-2023,598,0,227.7799136,227.7799136,370.2200864,0.619097134,527.3536099,FALSE,0.380902866,0.619097134,Healthy
26-08-2023,740,277,227.7922395,504.7922395,235.2077605,0.317848325,481.1626219,FALSE,0.682151675,0.317848325,Moderate
27-08-2023,561,0,227.7917778,227.7917778,333.2082222,0.59395405,445.2691765,FALSE,0.40604595,0.59395405,Moderate
28-08-2023,502,0,227.7782086,227.7782086,274.2217914,0.546258549,411.2450222,FALSE,0.453741451,0.546258549,Moderate
29-08-2023,985,0,227.7512123,227.7512123,757.2487877,0.768780495,426.9476215,FALSE,0.231219505,0.768780495,Healthy
30-08-2023,880,0,227.7104691,227.7104691,652.2895309,0.741238103,444.0915799,FALSE,0.258761897,0.741238103,Healthy
31-08-2023,828,0,227.6556593,227.6556593,600.3443407,0.725053552,460.3915028,FALSE,0.274946448,0.725053552,Healthy
01-09-2023,1056,204,227.586463,431.586463,624.413537,0.591300698,496.7048529,FALSE,0.408699302,0.591300698,Moderate
02-09-2023,822,236,227.5025605,463.5025605,358.4974395,0.436128272,514.3176642,FALSE,0.563871728,0.436128272,Moderate
03-09-2023,1108,0,227.4036321,227.4036321,880.5963679,0.794762065,592.5159707,FALSE,0.205237935,0.794762065,Healthy
04-09-2023,869,0,227.289358,227.289358,641.710642,0.738447229,645.014378,FALSE,0.261552771,0.738447229,Healthy
05-09-2023,739,0,227.1594185,227.1594185,511.8405815,0.692612424,609.9560628,FALSE,0.307387576,0.692612424,Healthy
06-09-2023,1094,223,227.0134938,450.0134938,643.9865062,0.588653114,608.7699164,FALSE,0.411346886,0.588653114,Moderate
07-09-2023,1088,136,226.8512642,362.8512642,725.1487358,0.666497,626.5991157,FALSE,0.333503,0.666497,Healthy
08-09-2023,875,0,226.6724099,226.6724099,648.3275901,0.740945817,630.015409,FALSE,0.259054183,0.740945817,Healthy
09-09-2023,1152,0,226.4766111,226.4766111,925.5233889,0.80340572,711.019116,FALSE,0.19659428,0.80340572,Healthy
10-09-2023,813,0,226.2635481,226.2635481,586.7364519,0.721693053,669.039128,FALSE,0.278306947,0.721693053,Healthy
11-09-2023,923,0,226.0329012,226.0329012,696.9670988,0.755110616,676.9329076,FALSE,0.244889384,0.755110616,Healthy
12-09-2023,814,0,225.7931049,225.7931049,588.2068951,0.722612893,687.842381,FALSE,0.277387107,0.722612893,Healthy
13-09-2023,755,0,225.5697321,225.5697321,529.4302679,0.701232143,671.4772041,FALSE,0.298767857,0.701232143,Healthy
14-09-2023,739,0,225.3542765,225.3542765,513.6457235,0.695055106,641.262488,FALSE,0.304944894,0.695055106,Healthy
15-09-2023,936,0,225.1468123,225.1468123,710.8531877,0.759458534,650.1947162,FALSE,0.240541466,0.759458534,Healthy
16-09-2023,915,0,224.9474136,224.9474136,690.0525864,0.754155832,616.5560302,FALSE,0.245844168,0.754155832,Healthy
17-09-2023,867,0,224.7561543,224.7561543,642.2438457,0.740765681,624.4856578,FALSE,0.259234319,0.740765681,Healthy
18-09-2023,758,0,224.5731086,224.5731086,533.4268914,0.703729408,601.1227711,FALSE,0.296270592,0.703729408,Healthy
19-09-2023,868,0,224.3983506,224.3983506,643.6016494,0.741476555,609.0363074,FALSE,0.258523445,0.741476555,Healthy
20-09-2023,744,0,224.2319543,224.2319543,519.7680457,0.698612965,607.6559899,FALSE,0.301387035,0.698612965,Healthy
21-09-2023,869,254,224.0739938,478.0739938,390.9260062,0.449857314,590.1246018,FALSE,0.550142686,0.449857314,Moderate
22-09-2023,706,0,223.9245432,223.9245432,482.0754568,0.682826426,557.4420688,FALSE,0.317173574,0.682826426,Healthy
23-09-2023,744,0,223.7836765,223.7836765,520.2163235,0.699215489,533.1797455,FALSE,0.300784511,0.699215489,Healthy
24-09-2023,1198,0,223.6514679,223.6514679,974.3485321,0.813312631,580.6232721,FALSE,0.186687369,0.813312631,Healthy
25-09-2023,1125,462,223.5279914,685.5279914,439.4720086,0.390641785,567.201146,FALSE,0.609358215,0.390641785,Moderate
26-09-2023,857,0,223.413321,223.413321,633.586679,0.739307677,565.770436,FALSE,0.260692323,0.739307677,Healthy
27-09-2023,781,0,223.3075309,223.3075309,557.6924691,0.714074864,571.1882108,FALSE,0.285925136,0.714074864,Healthy
28-09-2023,905,0,223.2106951,223.2106951,681.7893049,0.753358348,612.7401106,FALSE,0.246641652,0.753358348,Healthy
29-09-2023,711,323,223.1228877,546.1228877,164.8771123,0.231894673,567.4260614,FALSE,0.768105327,0.231894673,At Risk
30-09-2023,745,0,223.0441827,223.0441827,521.9558173,0.700611835,567.6745605,FALSE,0.299388165,0.700611835,Healthy
01-10-2023,932,0,222.9746543,222.9746543,709.0253457,0.760756809,529.7712481,FALSE,0.239243191,0.760756809,Healthy
02-10-2023,922,0,222.9143765,222.9143765,699.0856235,0.758227357,566.8589074,FALSE,0.241772643,0.758227357,Healthy
03-10-2023,1147,0,222.8634235,222.8634235,924.1365765,0.805698846,608.3660356,FALSE,0.194301154,0.805698846,Healthy
04-10-2023,862,173,222.8218691,395.8218691,466.1781309,0.540809897,595.2925587,FALSE,0.459190103,0.540809897,Moderate
05-10-2023,923,0,222.7897877,222.7897877,700.2102123,0.758624282,597.9241169,FALSE,0.241375718,0.758624282,Healthy
06-10-2023,1111,0,222.7672531,222.7672531,888.2327469,0.799489421,701.2606362,FALSE,0.200510579,0.799489421,Healthy
07-10-2023,921,0,222.7543395,222.7543395,698.2456605,0.758138611,726.4448995,FALSE,0.241861389,0.758138611,Healthy
08-10-2023,977,0,222.751121,222.751121,754.248879,0.772004994,732.9054042,FALSE,0.227995006,0.772004994,Healthy
09-10-2023,1051,0,222.7576716,222.7576716,828.2423284,0.788051692,751.3563621,FALSE,0.211948308,0.788051692,Healthy
10-10-2023,1023,0,222.7740654,222.7740654,800.2259346,0.78223454,733.6548418,FALSE,0.21776546,0.78223454,Healthy
11-10-2023,716,0,222.8003765,222.8003765,493.1996235,0.68882629,737.515055,FALSE,0.31117371,0.68882629,Healthy
12-10-2023,1100,0,222.836679,222.836679,877.163321,0.797421201,762.7940705,FALSE,0.202578799,0.797421201,Healthy
13-10-2023,892,219,222.8574815,441.8574815,450.1425185,0.504644079,700.2097522,FALSE,0.495355921,0.504644079,Moderate
14-10-2023,909,0,222.8884111,222.8884111,686.1115889,0.754798228,698.4763134,FALSE,0.245201772,0.754798228,Healthy
15-10-2023,891,0,222.9294333,222.9294333,668.0705667,0.749798616,686.1651259,FALSE,0.250201384,0.749798616,Healthy
16-10-2023,903,0,222.9805136,222.9805136,680.0194864,0.753066984,664.9904342,FALSE,0.246933016,0.753066984,Healthy
17-10-2023,926,0,223.0416173,223.0416173,702.9583827,0.759134323,651.0950697,FALSE,0.240865677,0.759134323,Healthy
18-10-2023,1159,494,223.1127099,717.1127099,441.8872901,0.381265997,643.7647363,FALSE,0.618734003,0.381265997,Moderate
19-10-2023,833,0,223.1937568,223.1937568,609.8062432,0.732060316,605.5708681,FALSE,0.267939684,0.732060316,Healthy
20-10-2023,1115,0,223.2847235,223.2847235,891.7152765,0.799744643,668.6526907,FALSE,0.200255357,0.799744643,Healthy
21-10-2023,757,325,223.3855753,548.3855753,208.6144247,0.275580482,600.4388101,FALSE,0.724419518,0.275580482,At Risk
22-10-2023,703,0,223.4962778,223.4962778,479.5037222,0.682082108,573.5006894,FALSE,0.317917892,0.682082108,Healthy
23-10-2023,1096,0,223.6167963,223.6167963,872.3832037,0.795970076,600.9812205,FALSE,0.204029924,0.795970076,Healthy
24-10-2023,970,0,223.7470963,223.7470963,746.2529037,0.76933289,607.166152,FALSE,0.23066711,0.76933289,Healthy
25-10-2023,856,0,223.8871432,223.8871432,632.1128568,0.738449599,634.341233,FALSE,0.261550401,0.738449599,Healthy
26-10-2023,987,183,224.0369025,407.0369025,579.9630975,0.587601923,630.0779265,FALSE,0.412398077,0.587601923,Moderate
27-10-2023,726,0,224.1963395,224.1963395,501.8036605,0.691189615,574.376267,FALSE,0.308810385,0.691189615,Healthy
28-10-2023,1081,191,224.3654198,415.3654198,665.6345802,0.615758169,639.6648607,FALSE,0.384241831,0.615758169,Healthy
29-10-2023,720,0,224.5441086,224.5441086,495.4558914,0.688133182,641.943742,FALSE,0.311866818,0.688133182,Healthy
30-10-2023,1056,0,224.7323716,224.7323716,831.2676284,0.787185254,636.0700884,FALSE,0.212814746,0.787185254,Healthy
31-10-2023,961,0,224.9301741,224.9301741,736.0698259,0.765941546,634.615363,FALSE,0.234058454,0.765941546,Healthy
01-11-2023,1152,0,225.1374815,225.1374815,926.8625185,0.804568158,676.7224575,FALSE,0.195431842,0.804568158,Healthy
02-11-2023,956,0,225.3542593,225.3542593,730.6457407,0.764273787,698.2485494,FALSE,0.235726213,0.764273787,Healthy
03-11-2023,1121,0,225.5804728,225.5804728,895.4195272,0.798768534,754.4793875,FALSE,0.201231466,0.798768534,Healthy
04-11-2023,1144,0,225.8160877,225.8160877,918.1839123,0.802608315,790.5578635,FALSE,0.197391685,0.802608315,Healthy
05-11-2023,1196,0,226.0610691,226.0610691,969.9389309,0.810985728,858.3411549,FALSE,0.189014272,0.810985728,Healthy
06-11-2023,711,0,226.3153827,226.3153827,484.6846173,0.681694258,808.8292961,FALSE,0.318305742,0.681694258,Healthy
07-11-2023,1191,0,226.5789938,226.5789938,964.4210062,0.809757352,841.4508933,FALSE,0.190242648,0.809757352,Healthy
08-11-2023,771,244,226.8518679,470.8518679,300.1481321,0.389297188,751.9202667,FALSE,0.610702812,0.389297188,Moderate
09-11-2023,1008,126,227.1339704,353.1339704,654.8660296,0.64966868,741.0945937,FALSE,0.35033132,0.64966868,Healthy
10-11-2023,1199,448,227.4252667,675.4252667,523.5747333,0.436676175,687.9739088,FALSE,0.563323825,0.436676175,Moderate
11-11-2023,880,0,227.7257222,227.7257222,652.2742778,0.74122077,649.9868182,FALSE,0.25877923,0.74122077,Healthy
12-11-2023,1077,0,228.0438148,228.0438148,848.9561852,0.788260153,632.7035688,FALSE,0.211739847,0.788260153,Healthy
13-11-2023,745,0,228.3539432,228.3539432,516.6460568,0.69348464,637.2694887,FALSE,0.30651536,0.69348464,Healthy
14-11-2023,921,372,228.6473506,600.6473506,320.3526494,0.347831324,545.2597235,FALSE,0.652168676,0.347831324,Moderate
15-11-2023,1039,0,228.924021,228.924021,810.075979,0.779668892,618.1065587,FALSE,0.220331108,0.779668892,Healthy
16-11-2023,865,0,229.1839383,229.1839383,635.8160617,0.73504747,615.3851347,FALSE,0.26495253,0.73504747,Healthy
17-11-2023,1143,216,229.4270864,445.4270864,697.5729136,0.610300012,640.2420176,FALSE,0.389699988,0.610300012,Healthy
18-11-2023,1043,0,229.6534494,229.6534494,813.3465506,0.779814526,663.2523423,FALSE,0.220185474,0.779814526,Healthy
19-11-2023,763,0,229.8630111,229.8630111,533.1369889,0.698737862,618.1353143,FALSE,0.301262138,0.698737862,Healthy
20-11-2023,771,0,230.0557556,230.0557556,540.9442444,0.701613806,621.606484,FALSE,0.298386194,0.701613806,Healthy
21-11-2023,1177,0,230.2316667,230.2316667,946.7683333,0.804391107,711.0944388,FALSE,0.195608893,0.804391107,Healthy
22-11-2023,1065,0,230.3907284,230.3907284,834.6092716,0.783670678,714.5991949,FALSE,0.216329322,0.783670678,Healthy
23-11-2023,865,0,230.5329247,230.5329247,634.4670753,0.733487948,714.4064825,FALSE,0.266512052,0.733487948,Healthy
24-11-2023,1000,0,230.6582395,230.6582395,769.3417605,0.76934176,724.659175,FALSE,0.23065824,0.76934176,Healthy
25-11-2023,801,0,230.7666568,230.7666568,570.2333432,0.711901802,689.9287168,FALSE,0.288098198,0.711901802,Healthy
26-11-2023,966,0,230.8581605,230.8581605,735.1418395,0.761016397,718.7865526,FALSE,0.238983603,0.761016397,Healthy
27-11-2023,787,175,230.9327346,405.9327346,381.0672654,0.48420237,695.9469841,FALSE,0.51579763,0.48420237,Moderate
28-11-2023,745,179,230.990363,409.990363,335.009637,0.449677365,608.5528847,FALSE,0.550322635,0.449677365,Moderate
29-11-2023,847,0,231.0310296,231.0310296,615.9689704,0.727236093,577.3185559,FALSE,0.272763907,0.727236093,Healthy
30-11-2023,1123,452,231.0547185,683.0547185,439.9452815,0.391758933,549.5297282,FALSE,0.608241067,0.391758933,Moderate
01-12-2023,924,176,231.0614136,407.0614136,516.9385864,0.559457345,513.4721319,FALSE,0.440542655,0.559457345,Moderate
02-12-2023,853,0,231.0510988,231.0510988,621.9489012,0.729131186,520.8600688,FALSE,0.270868814,0.729131186,Healthy
03-12-2023,893,0,231.023758,231.023758,661.976242,0.741294784,510.4078406,FALSE,0.258705216,0.741294784,Healthy
04-12-2023,789,0,230.9793753,230.9793753,558.0206247,0.707250475,535.6868919,FALSE,0.292749525,0.707250475,Healthy
05-12-2023,1197,0,230.9179346,230.9179346,966.0820654,0.807086103,625.8400959,FALSE,0.192913897,0.807086103,Healthy
06-12-2023,805,404,230.8394198,634.8394198,170.1605802,0.211379603,562.1531831,FALSE,0.788620397,0.211379603,At Risk
07-12-2023,1016,0,230.7438148,230.7438148,785.2561852,0.772889946,611.4833122,FALSE,0.227110054,0.772889946,Healthy
08-12-2023,1089,0,230.6311037,230.6311037,858.3688963,0.788217536,660.2590707,FALSE,0.211782464,0.788217536,Healthy
09-12-2023,772,140,230.5012704,370.5012704,401.4987296,0.520076075,628.7661891,FALSE,0.479923925,0.520076075,Moderate
10-12-2023,903,0,230.3542988,230.3542988,672.6457012,0.744901109,630.2903975,FALSE,0.255098891,0.744901109,Healthy
11-12-2023,877,0,230.1901728,230.1901728,646.8098272,0.737525459,642.9745693,FALSE,0.262474541,0.737525459,Healthy
12-12-2023,783,0,230.0088765,230.0088765,552.9911235,0.706246646,583.9615776,FALSE,0.293753354,0.706246646,Healthy
13-12-2023,950,0,229.8189136,229.8189136,720.1810864,0.758085354,662.5359356,FALSE,0.241914646,0.758085354,Healthy
14-12-2023,1158,0,229.6464222,229.6464222,928.3535778,0.801687027,682.9784203,FALSE,0.198312973,0.801687027,Healthy
15-12-2023,1087,0,229.4910642,229.4910642,857.5089358,0.788876666,682.8555688,FALSE,0.211123334,0.788876666,Healthy
16-12-2023,721,0,229.3525012,229.3525012,491.6474988,0.68189667,695.7339644,FALSE,0.31810333,0.68189667,Healthy
17-12-2023,702,287,229.2303951,516.2303951,185.7696049,0.264629067,626.1802363,FALSE,0.735370933,0.264629067,At Risk
18-12-2023,713,111,229.1244074,340.1244074,372.8755926,0.522967171,587.0467743,FALSE,0.477032829,0.522967171,Moderate
19-12-2023,1096,0,229.0342,229.0342,866.9658,0.79102719,631.9002995,FALSE,0.20897281,0.79102719,Healthy
20-12-2023,942,0,228.9594346,228.9594346,713.0405654,0.756943275,630.880225,FALSE,0.243056725,0.756943275,Healthy
21-12-2023,754,0,228.8997728,228.8997728,525.1002272,0.696419399,573.2726035,FALSE,0.303580601,0.696419399,Healthy
22-12-2023,872,218,228.8548765,446.8548765,425.1451235,0.487551747,511.5063446,FALSE,0.512448253,0.487551747,Moderate
23-12-2023,882,399,228.8244074,627.8244074,254.1755926,0.288180944,477.5817866,FALSE,0.711819056,0.288180944,At Risk
24-12-2023,1153,0,228.8080272,228.8080272,924.1919728,0.801554183,583.0706963,FALSE,0.198445817,0.801554183,Healthy
25-12-2023,849,0,228.8053975,228.8053975,620.1946025,0.730500121,618.4019834,FALSE,0.269499879,0.730500121,Healthy
26-12-2023,1011,0,228.8161802,228.8161802,782.1838198,0.773673412,606.290272,FALSE,0.226326588,0.773673412,Healthy
27-12-2023,830,342,228.840037,570.840037,259.159963,0.312240919,541.4501859,FALSE,0.687759081,0.312240919,Moderate
28-12-2023,1144,306,228.8766296,534.8766296,609.1233704,0.532450499,553.4534921,FALSE,0.467549501,0.532450499,Moderate
29-12-2023,1090,0,228.9256198,228.9256198,861.0743802,0.789976496,615.7291002,FALSE,0.210023504,0.789976496,Healthy
30-12-2023,1049,0,228.9866691,228.9866691,820.0133309,0.781709562,696.5630628,FALSE,0.218290438,0.781709562,Healthy
31-12-2023,1141,0,229.0594395,229.0594395,911.9405605,0.799246766,694.812861,FALSE,0.200753234,0.799246766,Healthy
